blood_bank_id,name,address,phone
b0082,Nashville Blood Center 000,"819 Beazer Lane, Nashville, TN, 37013",8063457366
b0720,Pueblo West Blood Center 001,"11 North Vineyard Drive, Pueblo West, CO, 81007",5463833980
b0297,Middlebury Blood Center 002,"161 Creek Road, Middlebury, VT, 05753",3055447064
b0426,Washington Blood Center 003,"1608 Gales Street Northeast, Washington, DC, 20002",5754616323
b0577,Arvada Blood Center 004,"8398 West 62nd Place, Arvada, CO, 80004",4118826484
b0649,Annapolis Blood Center 005,"1823 Dinger Road, Annapolis, MD, 21402",5026024228
b0511,Orange Blood Center 006,"3827 West Chapman Avenue, Orange, CA, 92868",9810027818
b0284,Manchester Blood Center 007,"345 Buckland Hills Drive#7, Manchester, CT, 06042",7958320055
b0741,Mesa Blood Center 008,"9828 East Pueblo Avenue, Mesa, AZ, 85208",6650363265
b0666,Savannah Blood Center 009,"2052 East 42nd Street, Savannah, GA, 31404",1425134655
b0135,Savannah Blood Center 010,"5 Hibiscus Avenue, Savannah, GA, 31404",5557735872
b0947,Montgomery Blood Center 011,"5331 Rexford Court, Montgomery, AL, 36116",4783063686
b0806,Louisville Blood Center 012,"2106 Standard Avenue, Louisville, KY, 40210",4114803939
b0013,New Bedford Blood Center 013,"2362 Acushnet Avenue, New Bedford, MA, 02745",2972340751
b0115,Edmond Blood Center 014,"1601 East 19th Street, Edmond, OK, 73013",2922785443
b0781,Elk Grove Blood Center 015,"5410 McLean Drive, Elk Grove, CA, 95757",3784130157
b0538,Washington Blood Center 016,"509 Franklin Street Northeast, Washington, DC, 20017",7675056576
b0660,Anchorage Blood Center 017,"7310 East Chester Heights Circle, Anchorage, AK, 99504",2080228993
b0117,Waltham Blood Center 018,"2309 Stearns Hill Road, Waltham, MA, 02451",6643526737
b0930,Louisville Blood Center 019,"13005 Mills Edge Court, Louisville, KY, 40272",9285072542
b0676,Annapolis Blood Center 020,"98 Lee Drive, Annapolis, MD, 21403",9757688506
b0564,Panama City Blood Center 021,"6718 Keithley Road, Panama City, FL, 32404",5080255687
b0035,Glen Burnie Blood Center 022,"8041 Elton Street, Glen Burnie, MD, 21060",3197655505
b0951,Louisville Blood Center 023,"15510 Champion Lakes Place, Louisville, KY, 40245",1127518764
b0320,Anchorage Blood Center 024,"5927 Camrose Drive, Anchorage, AK, 99504",6576202708
b0728,Derby Blood Center 025,"840 Fontaine Road, Derby, VT, 05829",9126516416
b0066,Oklahoma City Blood Center 026,"1915 Southeast 29th Street, Oklahoma City, OK, 73129",7574048114
b0390,Brookline Blood Center 027,"19 Euston Street#1F, Brookline, MA, 02446",6110333738
b0169,Pittsfield Blood Center 028,"25 Church StreetA, Pittsfield, MA, 01201",2785261342
b0575,Piedmont Blood Center 029,"2 Sotelo Avenue, Piedmont, CA, 94611",4866779994
b0554,Deale Blood Center 030,"1223 Delaware Avenue, Deale, MD, 20733",6528754301
b0793,Anchorage Blood Center 031,"4107 East 68th AvenueAPT D, Anchorage, AK, 99507",6912145981
b0019,Savannah Blood Center 032,"24 Haven Drive, Savannah, GA, 31406",5231721145
b0777,Fayetteville Blood Center 033,"2577 East Wyman Road, Fayetteville, AR, 72701",4231058510
b0826,Glendale Blood Center 034,"15253 North 62nd Avenue, Glendale, AZ, 85306",5392405139
b0288,Los Angeles Blood Center 035,"3905 Lyceum Avenue, Los Angeles, CA, 90066",3722276212
b0736,Montgomery Blood Center 036,"449 Saratoga Lane, Montgomery, AL, 36117",1580568809
b0494,Washington Blood Center 037,"6262 29th Street Northwest, Washington, DC, 20015",8378554146
b0211,Washington Blood Center 038,"1427 South Carolina Avenue Southeast, Washington, DC, 20003",5405132588
b0584,Louisville Blood Center 039,"1505 Rosewood Avenue#11, Louisville, KY, 40204",5192684705
b0713,Arvada Blood Center 040,"8785 Ellis Court, Arvada, CO, 80005",4641626494
b0296,Savannah Blood Center 041,"702 East 53rd Street, Savannah, GA, 31405",2164677029
b0383,Montgomery Blood Center 042,"2032 Gorgas Street, Montgomery, AL, 36106",3945841466
b0193,Derby Blood Center 043,"840 Fontaine Road, Derby, VT, 05829",4138568074
b0277,Washington Blood Center 044,"4672 A Street Southeast, Washington, DC, 20019",7614130766
b0614,Louisville Blood Center 045,"11102 Little Rock Court, Louisville, KY, 40241",9055119316
b0934,Arvada Blood Center 046,"6140 Fenton Street, Arvada, CO, 80003",6637825023
b0780,Livermore Blood Center 047,"330 Michell Court, Livermore, CA, 94551",1818467491
b0976,Annapolis Blood Center 048,"65 Bay Drive, Annapolis, MD, 21403",3530341271
b0344,Pooler Blood Center 049,"174 Village Lake Drive, Pooler, GA, 31322",6278106464
b0570,Norton Blood Center 050,"14 Olympia Street, Norton, MA, 02766",5386879836
b0308,Glen Burnie Blood Center 051,"113 Hammarlee Road, Glen Burnie, MD, 21060",6874551853
b0502,Glendale Blood Center 052,"6231 North 59th Avenue#35, Glendale, AZ, 85301",2474069207
b0455,Nashville Blood Center 053,"3109 Thistle Down Lane, Nashville, TN, 37013",6236701587
b0106,Harwood Blood Center 054,"4432 Cobalt Drive, Harwood, MD, 20776",8093139822
b0992,Fayetteville Blood Center 055,"412 West Ila Street, Fayetteville, AR, 72701",1032486377
b0939,Montgomery Blood Center 056,"7309 Live Oak Court, Montgomery, AL, 36117",8010452698
b0121,Fayetteville Blood Center 057,"1247 West Mount Comfort Road#110, Fayetteville, AR, 72703",4363131495
b0258,Arvada Blood Center 058,"13628 West 62nd Drive, Arvada, CO, 80004",3640415774
b0662,Montgomery Blood Center 059,"1217 Cottondale Road, Montgomery, AL, 36109",1218801953
b0752,Manchester Blood Center 060,"37 Rushforde Drive, Manchester, CT, 06040",3361237072
b0174,Montgomery Blood Center 061,"3426 Broadview Street, Montgomery, AL, 36110",6586883761
b0586,Wolcott Blood Center 062,"75 Calfoster Drive, Wolcott, VT, 05680",5768868446
b0213,Nashville Blood Center 063,"600 12th Avenue South#833, Nashville, TN, 37203",9323175652
b0597,Panama City Blood Center 064,"3035 Osprey Circle, Panama City, FL, 32405",8714267018
b0469,Louisville Blood Center 065,"120 North Hurstbourne Parkway#622, Louisville, KY, 40222",5321804883
b0312,Moore Blood Center 066,"1709 Queensbury Road, Moore, OK, 73160",3255229464
b0490,Fayetteville Blood Center 067,"1629 South Razorback Road#108, Fayetteville, AR, 72701",4325474265
b0113,Riverview Blood Center 068,"10802 Brickside Court, Riverview, FL, 33579",7644144247
b0895,Louisville Blood Center 069,"10129 Spring Gate Drive, Louisville, KY, 40241",7655405972
b0534,Savannah Blood Center 070,"109 East 64th Street, Savannah, GA, 31405",7802813255
b0607,Glendale Blood Center 071,"7841 West Kristal Way, Glendale, AZ, 85308",9210417499
b0030,Waltham Blood Center 072,"275 Ridge Lane#204, Waltham, MA, 02452",3204050135
b0807,Crofton Blood Center 073,"1630 Eton Way, Crofton, MD, 21114",4806836824
b0341,Oakland Blood Center 074,"1515 Excelsior Avenue, Oakland, CA, 94602",1484105998
b0922,Crofton Blood Center 075,"2008 Aberdeen Drive, Crofton, MD, 21114",9941718270
b0481,Foxborough Blood Center 076,"184 Oak Street, Foxborough, MA, 02035",3214182218
b0068,Castro Valley Blood Center 077,"6925 Lariat Lane, Castro Valley, CA, 94552",7328533920
b0944,Pasadena Blood Center 078,"8188 Poinsett Terrace, Pasadena, MD, 21122",4914157492
b0432,Barre Blood Center 079,"21 Hill Street, Barre, VT, 05641",8955816423
b0452,Panama City Blood Center 080,"2115 Honeysuckle Drive, Panama City, FL, 32404",4801123339
b0246,Manchester Blood Center 081,"200 West Center StreetA, Manchester, CT, 06040",9788130779
b0624,Montgomery Blood Center 082,"1815 Grove Hill Lane, Montgomery, AL, 36106",5616237642
b0629,Anchorage Blood Center 083,"410 West 89th Avenue, Anchorage, AK, 99515",2461124302
b0583,Fairlee Blood Center 084,"96 Lakehouse Drive, Fairlee, VT, 05045",3996083941
b0587,Anchorage Blood Center 085,"8043 Cranberry Street#APT 000001, Anchorage, AK, 99502",7734510412
b0924,Glendale Blood Center 086,"5011 West New World Drive, Glendale, AZ, 85302",3871169926
b0229,Savannah Blood Center 087,"519 Emerald DriveB, Savannah, GA, 31415",9644058883
b0855,Nashville Blood Center 088,"549 Elysian Fields Road, Nashville, TN, 37211",1524708384
b0792,Montgomery Blood Center 089,"5600 Carmichael Road, Montgomery, AL, 36117",4165173552
b0317,Goodlettsville Blood Center 090,"143 Canton Court, Goodlettsville, TN, 37072",7374266106
b0920,Manchester Blood Center 091,"123 Elizabeth Drive, Manchester, CT, 06042",2436781750
b0159,Glendale Blood Center 092,"6514 West Golden Lane, Glendale, AZ, 85302",2015212513
b0396,Edmond Blood Center 093,"14300 Leesa Lane, Edmond, OK, 73013",3094422735
b0694,Arvada Blood Center 094,"7256 West 84th Way#918, Arvada, CO, 80003",4538242807
b0839,Anchorage Blood Center 095,"3320 Peterkin Avenue, Anchorage, AK, 99508",4090246293
b0372,Louisville Blood Center 096,"8709 Peeble Lane, Louisville, KY, 40272",9692103626
b0850,Edmond Blood Center 097,"1713 Apian Way, Edmond, OK, 73003",4573308776
b0160,Pooler Blood Center 098,"307 Joel Street, Pooler, GA, 31322",9043720435
b0263,Colchester Blood Center 099,"294 East Lakeshore Drive, Colchester, VT, 05446",9128380031
b0640,Glendale Blood Center 100,"5929 West Via Montoya Drive, Glendale, AZ, 85310",8205371675
b0215,Oakland Blood Center 101,"474 Merritt Avenue, Oakland, CA, 94610",8220288805
b0685,South Burlington Blood Center 102,"233 Juniper Drive, South Burlington, VT, 05403",1690018324
b0001,Odenton Blood Center 103,"2142 Colonel Way, Odenton, MD, 21113",6618563712
b0556,Nashville Blood Center 104,"314 South 17th Street, Nashville, TN, 37206",7311713404
b0507,Berkeley Blood Center 105,"2511 Hearst Avenue#R 113, Berkeley, CA, 94709",4312008912
b0880,Anchorage Blood Center 106,"17480 Beaujolais Circle, Anchorage, AK, 99577",2681367697
b0240,Glendale Blood Center 107,"5843 West McLellan Road, Glendale, AZ, 85301",7644753328
b0641,Montgomery Blood Center 108,"8501 Twin Gable Drive, Montgomery, AL, 36116",6512477362
b0453,Severna Park Blood Center 109,"722 Oak Grove Circle, Severna Park, MD, 21146",8758481101
b0785,Panama City Blood Center 110,"7047 Vinson Road, Panama City, FL, 32413",4213123923
b0688,Washington Blood Center 111,"618 Ava Circle Northeast, Washington, DC, 20017",6664579021
b0170,Savannah Blood Center 112,"1125 West 41st Street, Savannah, GA, 31415",6318200476
b0997,Manchester Blood Center 113,"86 Highland Street, Manchester, CT, 06040",3704836256
b0540,Pasadena Blood Center 114,"1990 Poplar Ridge Road, Pasadena, MD, 21122",3415532616
b0173,Edmond Blood Center 115,"6500 Thurlow Place, Edmond, OK, 73034",6276056520
b0598,Marshfield Blood Center 116,"150 Meadowview Street, Marshfield, MA, 02050",9291266726
b0023,Crofton Blood Center 117,"2315 Kezey Court, Crofton, MD, 21114",2626548690
b0089,Arvada Blood Center 118,"8432 West 78th Circle, Arvada, CO, 80005",4992734006
b0661,Oklahoma City Blood Center 119,"2835 Southwest 78th Street, Oklahoma City, OK, 73159",4340203368
b0290,Arvada Blood Center 120,"6990 Pierson Street, Arvada, CO, 80004",9030184640
b0196,Port Charlotte Blood Center 121,"23480 Abers Avenue, Port Charlotte, FL, 33980",6505272453
b0963,Washington Blood Center 122,"513 10th Street Southeast, Washington, DC, 20003",5730761885
b0188,Manchester Blood Center 123,"194 Buckland Hills Drive#2010, Manchester, CT, 06042",7286678620
b0762,Manchester Blood Center 124,"429 Dennison Ridge Drive, Manchester, CT, 06040",8478278163
b0739,Pooler Blood Center 125,"150 Somersby Boulevard, Pooler, GA, 31322",1531867376
b0767,Rutland Blood Center 126,"5 Meadow Lane, Rutland, VT, 05701",7946210990
b0285,Crofton Blood Center 127,"2315 Kezey Court, Crofton, MD, 21114",6461573423
b0303,San Luis Obispo Blood Center 128,"101 Mustang Drive, San Luis Obispo, CA, 93405",1903006305
b0322,Panama City Beach Blood Center 129,"1505 Sweet Bay Trail, Panama City Beach, FL, 32413",5956303547
b0681,Panama City Blood Center 130,"1439 2nd Street, Panama City, FL, 32409",6226674008
b0433,Anchorage Blood Center 131,"2040 Innes Circle, Anchorage, AK, 99515",9952804274
b0239,Anchorage Blood Center 132,"6143 Prosperity Drive#APT 000001, Anchorage, AK, 99504",1921015285
b0985,Proctor Blood Center 133,"1 Pond View Road, Proctor, VT, 05765",5808839635
b0042,Odenton Blood Center 134,"1460 Berger Street, Odenton, MD, 21113",7747151174
b0394,Pooler Blood Center 135,"218 Durham Park Way, Pooler, GA, 31322",4147547048
b0409,Glendale Blood Center 136,"8427 West Glendale Avenue#202, Glendale, AZ, 85305",7710467779
b0339,Pooler Blood Center 137,"182 Regency Circle, Pooler, GA, 31322",9051835040
b0718,Glendale Blood Center 138,"5275 North 59th Avenue, Glendale, AZ, 85301",5526642001
b0572,Savannah Blood Center 139,"317 Windsor Road, Savannah, GA, 31419",5730273382
b0367,Savannah Blood Center 140,"5123 Ewell Street, Savannah, GA, 31405",9074580119
b0127,Savannah Blood Center 141,"36 Saint Ives Drive, Savannah, GA, 31419",1386247564
b0989,Nashville Blood Center 142,"718 Dutchmans Court, Nashville, TN, 37076",2372839958
b0892,Glendale Blood Center 143,"5065 North 54th Avenue#8, Glendale, AZ, 85301",7964667417
b0913,Edmond Blood Center 144,"3001 Spyglass Hill Road, Edmond, OK, 73034",9264444794
b0450,Arvada Blood Center 145,"6763 Depew Street, Arvada, CO, 80003",2083039773
b0495,Hartford Blood Center 146,"10 Skyline Way, Hartford, VT, 05001",1906710080
b0520,Fayetteville Blood Center 147,"306 East Lafayette Street, Fayetteville, AR, 72701",6613577931
b0398,Montgomery Blood Center 148,"713 Millard Fuller Drive, Montgomery, AL, 36110",1183763704
b0257,Union City Blood Center 149,"1701 Atlantic Street, Union City, CA, 94587",1572619378
b0456,Pasadena Blood Center 150,"8117 Mountain View Circle, Pasadena, MD, 21122",1882460935
b0536,Arvada Blood Center 151,"8671 West 78th Circle, Arvada, CO, 80005",9560826412
b0847,Montgomery Blood Center 152,"9457 Winfield Place, Montgomery, AL, 36117",8921423174
b0017,Peoria Blood Center 153,"6902 West Sherri Jean Lane, Peoria, AZ, 85382",6331424961
b0953,Glendale Blood Center 154,"6515 West Poinsettia Drive, Glendale, AZ, 85304",4858887516
b0693,Louisville Blood Center 155,"5707 Whispering Hills Boulevard, Louisville, KY, 40219",1922605524
b0362,Manchester Blood Center 156,"93 Hamlin Street, Manchester, CT, 06040",9244819039
b0599,Pueblo Blood Center 157,"1637 Delphil Street, Pueblo, CO, 81006",4254541383
b0253,San Leandro Blood Center 158,"16303 Mateo Street, San Leandro, CA, 94578",5685237501
b0595,Brentwood Blood Center 159,"5526 Thalman Drive, Brentwood, TN, 37027",2887427156
b0647,Glendale Blood Center 160,"8404 West Myrtle Avenue, Glendale, AZ, 85305",3581227600
b0371,Panama City Blood Center 161,"1906 Palmetto Avenue, Panama City, FL, 32405",9163086709
b0097,Oklahoma City Blood Center 162,"3420 Northwest 41st Street, Oklahoma City, OK, 73112",3840034380
b0790,Anchorage Blood Center 163,"7450 Wade Circle, Anchorage, AK, 99518",7625442501
b0405,Washington Blood Center 164,"2811 Battery Place Northwest, Washington, DC, 20016",2055768514
b0646,Savannah Blood Center 165,"151 Main Street, Savannah, GA, 31408",3852766675
b0907,Savannah Blood Center 166,"112 Coleman Boulevard, Savannah, GA, 31408",9650272849
b0973,Groton Blood Center 167,"981 Groton Long Point Road, Groton, CT, 06340",7407583977
b0871,Edmond Blood Center 168,"2121 Stepping Stone Trail, Edmond, OK, 73013",3495416022
b0219,Oakland Blood Center 169,"1515 Excelsior Avenue, Oakland, CA, 94602",8232782708
b0172,Glendale Blood Center 170,"6988 West Blackhawk Drive, Glendale, AZ, 85308",7147238089
b0111,Oakland Blood Center 171,"2042 High Street, Oakland, CA, 94601",4555180030
b0986,Anchorage Blood Center 172,"2613 Cottonwood Street, Anchorage, AK, 99508",2322411153
b0180,Savannah Blood Center 173,"1350 Exley Street#304, Savannah, GA, 31415",6943501809
b0775,Manchester Blood Center 174,"56 Channing Drive, Manchester, CT, 06040",1490705722
b0533,Fayetteville Blood Center 175,"120 North Block Avenue#5, Fayetteville, AR, 72701",2377301360
b0375,Washington Blood Center 176,"2716 30th Street Southeast, Washington, DC, 20020",5442857354
b0449,Louisville Blood Center 177,"3301 Nora Lane, Louisville, KY, 40220",6747043253
b0838,Savannah Blood Center 178,"322 East Taylor Street#1103, Savannah, GA, 31401",9280512734
b0261,Savannah Blood Center 179,"402 Tuten Avenue, Savannah, GA, 31415",1691485807
b0299,Livermore Blood Center 180,"1004 Bellflower Street, Livermore, CA, 94551",6928176394
b0988,Lynn Haven Blood Center 181,"803 Kay Lane, Lynn Haven, FL, 32444",9980778649
b0756,Glendale Blood Center 182,"7910 West Krall Street, Glendale, AZ, 85303",8453823919
b0194,Anchorage Blood Center 183,"16244 Seville Park Circle, Anchorage, AK, 99516",1100865980
b0161,Pooler Blood Center 184,"2170 Benton Boulevard#2107, Pooler, GA, 31322",9337050998
b0486,Nashville Blood Center 185,"615 Long Hunter Court, Nashville, TN, 37217",7970119799
b0962,Manchester Blood Center 186,"397 North Main Street, Manchester, CT, 06042",4971279588
b0392,Williston Blood Center 187,"833 South Brownell Road, Williston, VT, 05495",2481220504
b0047,Goodlettsville Blood Center 188,"143 Canton Court, Goodlettsville, TN, 37072",9964270098
b0857,Chester Blood Center 189,"2909 Flamstead Road, Chester, VT, 05143",7195124896
b0093,Cambridge Blood Center 190,"332 Concord Avenue, Cambridge, MA, 02138",5082815813
b0671,Arvada Blood Center 191,"8378 Cole Street, Arvada, CO, 80005",4267352879
b0345,Fort Collins Blood Center 192,"2409 Research Boulevard, Fort Collins, CO, 80526",2078531349
b0665,Anchorage Blood Center 193,"1413 G Street#STE 000001, Anchorage, AK, 99501",3154816590
b0592,Louisville Blood Center 194,"1216 West Hill StreetM, Louisville, KY, 40210",6655471552
b0578,Nichols Hills Blood Center 195,"1644 Queenstown Road, Nichols Hills, OK, 73116",2431775431
b0137,Arvada Blood Center 196,"7915 Depew Street, Arvada, CO, 80003",1271477622
b0965,Castleton Blood Center 197,"56 Daley Lane, Castleton, VT, 05732",3545716624
b0731,Lyndon Blood Center 198,"124 Rod Key Street, Lyndon, VT, 05851",6131834734
b0179,Fremont Blood Center 199,"4738 Mallard Common, Fremont, CA, 94555",2946480238
b0359,Medway Blood Center 200,"14 School Street, Medway, MA, 02053",6448557365
b0594,Nashville Blood Center 201,"2505 Shadow Lane, Nashville, TN, 37216",1460585541
b0182,Nashville Blood Center 202,"416 McIver Street, Nashville, TN, 37211",4935431927
b0293,Nashville Blood Center 203,"4109 General Bate Drive, Nashville, TN, 37204",6924113957
b0496,Vergennes Blood Center 204,"1628 Button Bay Road, Vergennes, VT, 05491",8185608186
b0656,Norman Blood Center 205,"2010 Rising Hill Drive, Norman, OK, 73071",4784502362
b0168,Louisville Blood Center 206,"1606 Trevilian Way, Louisville, KY, 40205",8384274632
b0330,Arvada Blood Center 207,"7822 Club Crest Drive, Arvada, CO, 80005",1577021538
b0086,Glendale Blood Center 208,"8427 West Glendale Avenue#202, Glendale, AZ, 85305",4970183961
b0483,Louisville Blood Center 209,"7905 Old Heady Road, Louisville, KY, 40299",1353875464
b0428,Arvada Blood Center 210,"11941 West 58th Avenue, Arvada, CO, 80002",6948683006
b0413,Boulder Blood Center 211,"275 South 40th Street, Boulder, CO, 80305",2721273691
b0906,Colchester Blood Center 212,"81 Reynolds Drive, Colchester, VT, 05446",1547643619
b0015,Montgomery Blood Center 213,"5470 Atlanta Highway, Montgomery, AL, 36109",8396310142
b0373,Arvada Blood Center 214,"6049 Quail Street, Arvada, CO, 80004",9965543940
b0353,Gambrills Blood Center 215,"2109 Puddingtons Patent Way, Gambrills, MD, 21054",1902684458
b0897,Mesa Blood Center 216,"130 West Brown Road, Mesa, AZ, 85201",7316170009
b0786,Glen Burnie Blood Center 217,"6518 Dolphin Court, Glen Burnie, MD, 21061",4324355654
b0729,Montgomery Blood Center 218,"1163 Rosedale Drive, Montgomery, AL, 36107",7084676545
b0038,Oklahoma City Blood Center 219,"3821 Southwest 25th Street, Oklahoma City, OK, 73108",3114811092
b0923,Newfane Blood Center 220,"578 Vermont 30, Newfane, VT, 05345",5376851796
b0606,Millersville Blood Center 221,"316 Sourwood CourtR, Millersville, MD, 21108",8071439313
b0307,Severn Blood Center 222,"8726 Downey Road, Severn, MD, 21144",8900880773
b0528,Louisville Blood Center 223,"1606 Trevilian Way, Louisville, KY, 40205",5565445941
b0136,Savannah Blood Center 224,"10 Dalry Lane, Savannah, GA, 31419",5814371033
b0823,Washington Blood Center 225,"421 Madison Street Northeast, Washington, DC, 20011",5495502487
b0002,Fayetteville Blood Center 226,"3141 North Lancaster Lane, Fayetteville, AR, 72703",5700731933
b0415,Panama City Blood Center 227,"939 West Beach Drive, Panama City, FL, 32401",4286544209
b0260,Nashville Blood Center 228,"7730 Wilkinson Road, Nashville, TN, 37080",5191532448
b0768,Washington Blood Center 229,"3728 9th Street Northwest, Washington, DC, 20010",4990863159
b0796,Hesperia Blood Center 230,"9036 Calico Court, Hesperia, CA, 92344",9283609091
b0789,Glendale Blood Center 231,"5601 West Missouri Avenue#165, Glendale, AZ, 85301",4792709855
b0144,Montgomery Blood Center 232,"533 Forest Ridge Court, Montgomery, AL, 36109",3400131444
b0348,Panama City Blood Center 233,"234 East Beach Drive, Panama City, FL, 32401",7427254249
b0818,Wolcott Blood Center 234,"4632 Vermont 15, Wolcott, VT, 05680",7183557023
b0365,Readsboro Blood Center 235,"2185 Howe Pond Road, Readsboro, VT, 05350",9262446054
b0621,Savannah Blood Center 236,"217 West Congress Street, Savannah, GA, 31401",2422135019
b0059,Pasadena Blood Center 237,"8597 Bay Road, Pasadena, MD, 21122",6278123106
b0888,Arvada Blood Center 238,"8300 Dover Way, Arvada, CO, 80005",1150751952
b0783,Manchester Blood Center 239,"35 Pilgrim Lane, Manchester, CT, 06040",4915321149
b0295,Glendale Blood Center 240,"5065 North 54th Avenue#8, Glendale, AZ, 85301",8484554779
b0313,Washington Blood Center 241,"3728 9th Street Northwest, Washington, DC, 20010",9200177971
b0910,Washington Blood Center 242,"1328 Tuckerman Street Northwest, Washington, DC, 20011",6963754880
b0251,Nashville Blood Center 243,"5434 Cedar Ash Crossing, Nashville, TN, 37013",6166063174
b0143,East Longmeadow Blood Center 244,"44 Elm Street, East Longmeadow, MA, 01028",3484153049
b0562,Manchester Blood Center 245,"351 Porter Street, Manchester, CT, 06040",2208338385
b0810,Manchester Blood Center 246,"197 Oak Street, Manchester, CT, 06040",1202179923
b0553,Fayetteville Blood Center 247,"239 Eastern Avenue, Fayetteville, AR, 72701",8745012906
b0460,Savannah Blood Center 248,"151 Main Street, Savannah, GA, 31408",5406608255
b0007,Panama City Blood Center 249,"7047 Vinson Road, Panama City, FL, 32413",5162107074
b0672,Manchester Blood Center 250,"77 Gerald Drive, Manchester, CT, 06040",1875643073
b0921,Arvada Blood Center 251,"8447 West 51st Avenue, Arvada, CO, 80002",8818631478
b0531,Freetown Blood Center 252,"2A Cleveland Park Rd, Freetown, MA, 02717",1125282359
b0358,Savannah Blood Center 253,"14006 Coffee Bluff Road, Savannah, GA, 31419",6543810616
b0687,Fayetteville Blood Center 254,"540 East Appleby Road#105, Fayetteville, AR, 72703",1936102667
b0369,Fayetteville Blood Center 255,"505 North Washington Avenue, Fayetteville, AR, 72701",6073346631
b0217,Savannah Blood Center 256,"2139 Glynnwood Drive, Savannah, GA, 31404",8762032883
b0557,Savannah Blood Center 257,"7 Rose Dhu Lane, Savannah, GA, 31419",1331644417
b0927,Annapolis Blood Center 258,"1347 Blackwalnut Court, Annapolis, MD, 21403",3230228094
b0417,Anchorage Blood Center 259,"400 D Street#STE 1B, Anchorage, AK, 99501",4586546165
b0171,Anchorage Blood Center 260,"9101 Vanguard Drive, Anchorage, AK, 99507",4970400868
b0804,Mexico Beach Blood Center 261,"2802 US Highway 98BLDG F, Mexico Beach, FL, 32456",1393517534
b0695,Berkeley Blood Center 262,"7144 Marlborough Terrace, Berkeley, CA, 94705",4550843456
b0131,Louisville Blood Center 263,"208 Kinnaird Lane, Louisville, KY, 40243",4988245870
b0508,Littleton Blood Center 264,"5516 West Indore Drive, Littleton, CO, 80128",2205405562
b0591,Montgomery Blood Center 265,"1320 Dunbarton Road, Montgomery, AL, 36117",4850712290
b0447,Castro Valley Blood Center 266,"5725 Medallion Court, Castro Valley, CA, 94552",9035154202
b0912,Aurora Blood Center 267,"15509 East 7th Circle, Aurora, CO, 80011",5077717566
b0087,Southport Blood Center 268,"9222 Sandra Grace Road, Southport, FL, 32409",7241161722
b0400,Arvada Blood Center 269,"15847 West 74th Place, Arvada, CO, 80007",4173605315
b0374,Edgewater Blood Center 270,"3579 2nd Avenue, Edgewater, MD, 21037",5153840531
b0294,Wolcott Blood Center 271,"4632 Vermont 15, Wolcott, VT, 05680",6463352940
b0057,Panama City Blood Center 272,"1803 Hickory AvenueUNIT C, Panama City, FL, 32405",8365139394
b0885,Montgomery Blood Center 273,"3951 Kimberly Street, Montgomery, AL, 36116",9136382958
b0387,Washington Blood Center 274,"235 17th Street Southeast, Washington, DC, 20003",3431480231
b0315,Panama City Blood Center 275,"815 Plantation Drive, Panama City, FL, 32404",9333020457
b0668,Louisville Blood Center 276,"10129 Spring Gate Drive, Louisville, KY, 40241",1928748371
b0209,Washington Blood Center 277,"1516 Buchanan Street Northwest, Washington, DC, 20011",6157331711
b0908,Louisville Blood Center 278,"14003 Crossbranch Court, Louisville, KY, 40245",1334678098
b0012,Arvada Blood Center 279,"7915 Depew Street, Arvada, CO, 80003",2332065426
b0799,Arvada Blood Center 280,"6710 Quay Street, Arvada, CO, 80003",2906060469
b0896,Panama City Blood Center 281,"1208 Lindenwood Drive, Panama City, FL, 32405",6873018141
b0266,Groton Blood Center 282,"37 Fieldside Drive, Groton, CT, 06340",3904749555
b0523,Montgomery Blood Center 283,"3340 Woodpark Drive, Montgomery, AL, 36116",5495217128
b0037,Panama City Blood Center 284,"2508 Grant Avenue, Panama City, FL, 32405",5154621890
b0280,Louisville Blood Center 285,"9401 3rd Street Road, Louisville, KY, 40272",3723168861
b0406,Arvada Blood Center 286,"8785 Ellis Court, Arvada, CO, 80005",1031634969
b0273,Peoria Blood Center 287,"7027 West Phelps Road, Peoria, AZ, 85382",9261683403
b0960,Thunderbolt Blood Center 288,"15 Lakewood Drive, Thunderbolt, GA, 31410",7382014007
b0241,Oklahoma City Blood Center 289,"12013 Blue Moon Avenue, Oklahoma City, OK, 73162",7920589973
b0914,Revere Blood Center 290,"98 Lincoln Street, Revere, MA, 02151",6882880149
b0582,Washington Blood Center 291,"1641 Kramer Street Northeast, Washington, DC, 20002",4801086546
b0650,Glendale Blood Center 292,"10202 North 51st Drive, Glendale, AZ, 85302",5096080330
b0644,Oklahoma City Blood Center 293,"10632 Admiral Court, Oklahoma City, OK, 73162",4622574396
b0929,Baltimore Blood Center 294,"5306 Ritchie Highway, Baltimore, MD, 21225",4693738947
b0448,Athol Blood Center 295,"7 Oliver Street#2, Athol, MA, 01331",6550556382
b0712,Fayetteville Blood Center 296,"3469 North Par Court, Fayetteville, AR, 72703",3320052873
b0062,Westmore Blood Center 297,"721 Vermont 5A, Westmore, VT, 05860",4832236325
b0630,Washington Blood Center 298,"623 Rhode Island Avenue Northwest, Washington, DC, 20001",3776310768
b0043,Severn Blood Center 299,"7785 Montgomery Mews Court, Severn, MD, 21144",4784346638
b0770,Fremont Blood Center 300,"42223 Edgewood Street, Fremont, CA, 94538",9807855307
b0009,Gloucester Blood Center 301,"4 Samuel Riggs Circle, Gloucester, MA, 01930",9007249720
b0077,Norman Blood Center 302,"2905 Stonebridge Court, Norman, OK, 73071",1286541404
b0103,Burke Blood Center 303,"5309 Darling Hill Road, Burke, VT, 05871",5588769894
b0938,Hartford Blood Center 304,"10 Skyline Way, Hartford, VT, 05001",8458224479
b0856,Oakland Blood Center 305,"2747 68th Avenue, Oakland, CA, 94605",8120579551
b0719,Livermore Blood Center 306,"682 Brighton Way, Livermore, CA, 94551",1081253536
b0096,Montgomery Blood Center 307,"5680 Eddins Road, Montgomery, AL, 36117",3035024923
b0094,Savannah Blood Center 308,"402 Tuten Avenue, Savannah, GA, 31415",3376850080
b0811,Washington Blood Center 309,"1734 Corcoran Street Northwest, Washington, DC, 20009",9388077244
b0329,Lyndon Blood Center 310,"1726 Bridgeview Lane#5, Lyndon, KY, 40242",6374855363
b0974,Fayetteville Blood Center 311,"683 North Wilson Avenue, Fayetteville, AR, 72701",3125855648
b0028,Brookfield Blood Center 312,"1992 West Street, Brookfield, VT, 05036",9185324280
b0310,Litchfield Park Blood Center 313,"13417 West Marlette Court, Litchfield Park, AZ, 85340",9493467968
b0259,Anchorage Blood Center 314,"2140 Colony Loop, Anchorage, AK, 99507",1244807229
b0078,Washington Blood Center 315,"1816 U Place Southeast, Washington, DC, 20020",8898025596
b0411,Anchorage Blood Center 316,"17361 Baronoff Avenue, Anchorage, AK, 99577",7337618451
b0744,Montgomery Blood Center 317,"949 South Lawrence Street, Montgomery, AL, 36104",7311820305
b0514,Savannah Blood Center 318,"7804 Abercorn Street#11, Savannah, GA, 31406",7260575144
b0227,Colchester Blood Center 319,"294 East Lakeshore Drive, Colchester, VT, 05446",4703033021
b0278,Litchfield Park Blood Center 320,"12420 West Montebello Avenue, Litchfield Park, AZ, 85340",6990040896
b0714,Arvada Blood Center 321,"17794 West 77th Lane, Arvada, CO, 80007",8274761283
b0869,Savannah Blood Center 322,"212 Holiday Circle, Savannah, GA, 31419",6834607710
b0036,Fayetteville Blood Center 323,"1770 Colony Way, Fayetteville, AR, 72704",5907037749
b0648,Glendale Blood Center 324,"6604 West Montebello Avenue#8, Glendale, AZ, 85301",4756634691
b0025,Beverly Hills Blood Center 325,"5038 North Cimarron Drive, Beverly Hills, FL, 34465",9353702976
b0134,Louisville Blood Center 326,"8502 Madrone Avenue, Louisville, KY, 40258",5365865318
b0205,Oakland Blood Center 327,"7725 Ney Avenue, Oakland, CA, 94605",4641560528
b0316,Hayward Blood Center 328,"26334 Adrian Avenue, Hayward, CA, 94545",5940264128
b0022,Glendale Blood Center 329,"5065 North 54th Avenue#8, Glendale, AZ, 85301",7128475323
b0249,Morro Bay Blood Center 330,"680 Quintana Road, Morro Bay, CA, 93442",4873025713
b0787,Washington Blood Center 331,"3538 Albemarle Street Northwest, Washington, DC, 20008",5076670807
b0802,Fayetteville Blood Center 332,"354 North University Avenue, Fayetteville, AR, 72701",2902140144
b0636,Nashville Blood Center 333,"112 Joyner Avenue, Nashville, TN, 37210",5481638065
b0154,Barre Blood Center 334,"2 Ellenwood Street, Barre, VT, 05641",7316058400
b0860,Fall River Blood Center 335,"332 Stafford Road#2, Fall River, MA, 02721",3773179555
b0440,Panama City Beach Blood Center 336,"9321 Amy Lane, Panama City Beach, FL, 32407",3915270405
b0569,Fayetteville Blood Center 337,"1456 North Coghill Drive#106, Fayetteville, AR, 72704",6421752908
b0221,Crofton Blood Center 338,"1642 Fendall Court, Crofton, MD, 21114",1825363238
b0242,Savannah Blood Center 339,"115 Falkirk Street, Savannah, GA, 31407",3462405533
b0222,Nashville Blood Center 340,"3714 John Mallette Drive, Nashville, TN, 37218",7785562045
b0431,Aspen Blood Center 341,"140 West Cooper Avenue, Aspen, CO, 81611",8608052348
b0175,Glendale Blood Center 342,"6231 North 59th Avenue#35, Glendale, AZ, 85301",4355362582
b0254,Crofton Blood Center 343,"2008 Aberdeen Drive, Crofton, MD, 21114",3580430180
b0987,Westminster Blood Center 344,"6880 Xavier Circle#2, Westminster, CO, 80030",5844851935
b0003,San Diego Blood Center 345,"7096 Park Mesa Way#57, San Diego, CA, 92111",5256516993
b0639,Alameda Blood Center 346,"72 Salmon Road, Alameda, CA, 94502",3978315388
b0711,Fayetteville Blood Center 347,"2100 North Leverett Avenue#112J, Fayetteville, AR, 72703",5812038365
b0978,Burlington Blood Center 348,"9 Kimball Court#107, Burlington, MA, 01803",5163630992
b0500,Savannah Blood Center 349,"27 Cabbage Crossing, Savannah, GA, 31411",6401880109
b0670,Washington Blood Center 350,"1902 6th Street Northwest, Washington, DC, 20001",4360733214
b0231,Livermore Blood Center 351,"4439 Gale Street, Livermore, CA, 94550",1037230828
b0945,Edgewater Blood Center 352,"3579 2nd Avenue, Edgewater, MD, 21037",3125627751
b0761,Williston Blood Center 353,"833 South Brownell Road, Williston, VT, 05495",5532445183
b0158,Baltimore Blood Center 354,"5306 Ritchie Highway, Baltimore, MD, 21225",6093708621
b0610,Washington Blood Center 355,"1641 Kramer Street Northeast, Washington, DC, 20002",1942668203
b0377,Montgomery Blood Center 356,"1622 Edgar D Nixon Avenue, Montgomery, AL, 36104",6044340422
b0379,Pasadena Blood Center 357,"1243 Doris Avenue, Pasadena, MD, 21122",8421076846
b0979,Edmond Blood Center 358,"1032 Brayhill Road, Edmond, OK, 73003",8676717550
b0882,Livermore Blood Center 359,"266 South J Street, Livermore, CA, 94550",3960585239
b0547,Livermore Blood Center 360,"1004 Bellflower Street, Livermore, CA, 94551",2463753233
b0716,Spencer Blood Center 361,"10725 Sunset Boulevard, Spencer, OK, 73084",2093148011
b0981,Brockton Blood Center 362,"111 Rosemary Street, Brockton, MA, 02302",5728352882
b0724,Glendale Blood Center 363,"22825 North 74th Lane, Glendale, AZ, 85310",8140300559
b0325,Washington Blood Center 364,"417 R Street Northwest, Washington, DC, 20001",8965517090
b0579,Washington Blood Center 365,"4603 Grant Street Northeast, Washington, DC, 20019",1994740655
b0772,Tybee Island Blood Center 366,"26 Battery Drive, Tybee Island, GA, 31328",6300405177
b0074,Savannah Blood Center 367,"37 East Broad Street, Savannah, GA, 31401",5764753833
b0351,Louisville Blood Center 368,"5801 South Watterson Trail, Louisville, KY, 40291",5563418876
b0048,Boulder Blood Center 369,"4537 Tanglewood Trail, Boulder, CO, 80301",8312380686
b0588,Oakland Blood Center 370,"2640 8th AvenueC, Oakland, CA, 94606",1363786897
b0730,Santa Cruz Blood Center 371,"125 John Street, Santa Cruz, CA, 95060",8663885687
b0311,Milton Blood Center 372,"30 Curtis Road#509, Milton, MA, 02186",9525566740
b0705,Port Charlotte Blood Center 373,"23480 Abers Avenue, Port Charlotte, FL, 33980",5644874357
b0385,Montgomery Blood Center 374,"3300 Crystal Road, Montgomery, AL, 36110",1501430331
b0427,Worcester Blood Center 375,"20 Hacker Street#3, Worcester, MA, 01603",8042011659
b0133,Glendale Blood Center 376,"6748 West San Juan Avenue, Glendale, AZ, 85303",6921868580
b0065,Anchorage Blood Center 377,"7100 Old Seward HighwaySTE M, Anchorage, AK, 99518",3968449554
b0281,Manchester Blood Center 378,"197 Oak Street, Manchester, CT, 06040",5055776354
b0822,Fayetteville Blood Center 379,"2849 Quail Drive, Fayetteville, AR, 72704",6236445183
b0101,Anchorage Blood Center 380,"1353 West 27th Avenue#APT 000004, Anchorage, AK, 99503",5158056032
b0363,Tybee Island Blood Center 381,"12 17th Place, Tybee Island, GA, 31328",9828370530
b0819,Anchorage Blood Center 382,"1254 Muldoon Road, Anchorage, AK, 99504",4088784301
b0555,Washington Blood Center 383,"4130 Legation Street Northwest, Washington, DC, 20015",4580803394
b0163,Montgomery Blood Center 384,"2195 Cantelou Road, Montgomery, AL, 36108",4524448094
b0331,Crownsville Blood Center 385,"552 Maynadier Lane, Crownsville, MD, 21032",5004472923
b0138,Union City Blood Center 386,"152 Teddy Drive, Union City, CA, 94587",8540854897
b0521,Glendale Blood Center 387,"5205 West Thunderbird Road#1042, Glendale, AZ, 85306",4653777944
b0060,Panama City Blood Center 388,"6912 Sunrise Drive, Panama City, FL, 32407",6078075545
b0627,Pooler Blood Center 389,"2170 Benton Boulevard#2107, Pooler, GA, 31322",9206102695
b0112,Washington Blood Center 390,"1816 U Place Southeast, Washington, DC, 20020",2673119349
b0701,Glendale Blood Center 391,"6928 North 87th Lane, Glendale, AZ, 85305",5574658775
b0018,Mountain View Blood Center 392,"369 Ruth Avenue, Mountain View, CA, 94043",5961880784
b0162,Nashville Blood Center 393,"4032 Windwood Lane, Nashville, TN, 37214",4067500212
b0737,Arvada Blood Center 394,"5408 Iris Street, Arvada, CO, 80002",7016286234
b0975,Oklahoma City Blood Center 395,"14525 South Brent Drive, Oklahoma City, OK, 73170",8140034459
b0815,Glendale Blood Center 396,"5837 West Evans Drive, Glendale, AZ, 85306",8807176354
b0243,San Leandro Blood Center 397,"1772 150th Avenue, San Leandro, CA, 94578",2710745630
b0232,Oakland Blood Center 398,"439 Crestmont Drive, Oakland, CA, 94619",4493067359
b0437,Anchorage Blood Center 399,"11160 Vosikof Place, Anchorage, AK, 99507",5005623287
b0438,Oklahoma City Blood Center 400,"3801 North Ann Arbor Place, Oklahoma City, OK, 73122",3418828225
b0773,Pooler Blood Center 401,"5 Winslow Circle, Pooler, GA, 31322",1913715430
b0083,Fayetteville Blood Center 402,"1879 South Cherry Hills Drive, Fayetteville, AR, 72701",5543689935
b0451,Anchorage Blood Center 403,"905 Richardson Vista Road#APT 165, Anchorage, AK, 99501",2417052596
b0526,Pooler Blood Center 404,"1915 Dean Forest Road, Pooler, GA, 31322",1043754957
b0655,Fayetteville Blood Center 405,"103 Martin Luther King Junior Boulevard, Fayetteville, AR, 72701",3433089052
b0890,Pasadena Blood Center 406,"8409 Gullane Court, Pasadena, MD, 21122",3763864921
b0551,Hayward Blood Center 407,"450 C Street, Hayward, CA, 94541",7704067745
b0543,Vershire Blood Center 408,"6460 Vermont 113, Vershire, VT, 05079",1258817887
b0549,Anchorage Blood Center 409,"19803 North Mitkof Loop, Anchorage, AK, 99577",4244267852
b0778,Norman Blood Center 410,"416 South University Boulevard, Norman, OK, 73069",7562519484
b0130,Washington Blood Center 411,"3538 Albemarle Street Northwest, Washington, DC, 20008",1373410546
b0140,Gardner Blood Center 412,"34 Main Street#5H, Gardner, MA, 01440",2291663090
b0032,Berkeley Blood Center 413,"2703 Woolsey Street#R 1, Berkeley, CA, 94705",7961734079
b0619,Glendale Blood Center 414,"5039 North 57th Avenue#118, Glendale, AZ, 85301",8945685603
b0891,Moore Blood Center 415,"625 West Main Street, Moore, OK, 73160",1294817412
b0669,Montgomery Blood Center 416,"105 West Wareingwood Drive, Montgomery, AL, 36109",8780036905
b0972,Waddell Blood Center 417,"18426 West Carol Avenue, Waddell, AZ, 85355",2714654788
b0753,Marysville Blood Center 418,"612 E Street, Marysville, CA, 95901",3971570028
b0957,Mexico Beach Blood Center 419,"106 Parker Parkway, Mexico Beach, FL, 32456",9963650920
b0407,Savannah Blood Center 420,"711 Tatem Street, Savannah, GA, 31405",1104869700
b0107,Arvada Blood Center 421,"9515 West 74th Avenue, Arvada, CO, 80005",4222402972
b0464,Nashville Blood Center 422,"119 Matthew Lane, Nashville, TN, 37215",6755588185
b0401,Hinesburg Blood Center 423,"116 Jourdan Street, Hinesburg, VT, 05461",5235679672
b0971,Washington Blood Center 424,"601 Farragut Place Northeast, Washington, DC, 20017",1072161543
b0940,Louisville Blood Center 425,"9712 Stream View Trail, Louisville, KY, 40258",9006665646
b0499,Savannah Blood Center 426,"12403 Deerfield Road, Savannah, GA, 31419",4621024198
b0223,Savannah Blood Center 427,"7024 Johnny Mercer Boulevard, Savannah, GA, 31410",7684662188
b0707,Savannah Blood Center 428,"514 East 38th Street, Savannah, GA, 31401",7516840001
b0220,Fayetteville Blood Center 429,"962 South Silverado Drive#103, Fayetteville, AR, 72701",2740264796
b0503,Montevallo Blood Center 430,"65 Jones Lane, Montevallo, AL, 35115",2153761785
b0332,Manchester Blood Center 431,"104 Greenwood Drive, Manchester, CT, 06042",3435136292
b0708,Pittsfield Blood Center 432,"25 Church StreetA, Pittsfield, MA, 01201",4471825472
b0237,Oklahoma City Blood Center 433,"4024 Northwest 16th Street, Oklahoma City, OK, 73107",8856613387
b0208,Concord Blood Center 434,"2531 Prestwick Avenue, Concord, CA, 94519",7707389044
b0265,Savannah Blood Center 435,"711 Tatem Street, Savannah, GA, 31405",2432371438
b0628,Arvada Blood Center 436,"8671 West 78th Circle, Arvada, CO, 80005",5944836069
b0616,San Diego Blood Center 437,"222 Quince Street#2-B, San Diego, CA, 92103",9204414022
b0380,Oakland Blood Center 438,"474 Merritt Avenue, Oakland, CA, 94610",3074638661
b0506,Arvada Blood Center 439,"5327 Pierce Street, Arvada, CO, 80002",8013715557
b0029,Glendale Blood Center 440,"7101 West Beardsley Road#151, Glendale, AZ, 85308",8852252569
b0703,Louisville Blood Center 441,"14003 Crossbranch Court, Louisville, KY, 40245",6910642644
b0445,Oakland Blood Center 442,"2014 Clemens Road, Oakland, CA, 94602",9006272925
b0535,Odenton Blood Center 443,"2715 Thornbrook Court, Odenton, MD, 21113",6833408519
b0476,Westminster Blood Center 444,"6880 Xavier Circle#2, Westminster, CO, 80030",9372729439
b0843,Louisville Blood Center 445,"8304 Glaser Lane, Louisville, KY, 40291",6428379050
b0637,Washington Blood Center 446,"1504 P Street Northwest, Washington, DC, 20005",4943206433
b0977,Arvada Blood Center 447,"6398 Jellison Way, Arvada, CO, 80004",6050216922
b0434,Oklahoma City Blood Center 448,"3104 Southwest 46th Street, Oklahoma City, OK, 73119",4645487838
b0020,Soldotna Blood Center 449,"264 Crest Drive, Soldotna, AK, 99669",7140172839
b0132,Savannah Blood Center 450,"151 Main Street, Savannah, GA, 31408",5113815553
b0058,Holyoke Blood Center 451,"475 Maple Street#613, Holyoke, MA, 01040",1247088713
b0967,Gambrills Blood Center 452,"1718 Underwood Road, Gambrills, MD, 21054",3895021664
b0446,Arvada Blood Center 453,"5581 Nolan Street, Arvada, CO, 80002",3122820715
b0808,Montgomery Blood Center 454,"4010 Governors Drive, Montgomery, AL, 36111",8953110574
b0949,Nashville Blood Center 455,"2008 Ashton Avenue, Nashville, TN, 37218",1074089360
b0156,Montgomery Blood Center 456,"8293 Grayson Grove, Montgomery, AL, 36117",4173187241
b0061,Louisville Blood Center 457,"1424 Winter Avenue, Louisville, KY, 40204",9488152383
b0272,Anchorage Blood Center 458,"8800 Cordell Circle#APT 000003, Anchorage, AK, 99502",7514304303
b0067,Annapolis Blood Center 459,"201 West Street, Annapolis, MD, 21401",5900180024
b0126,Arvada Blood Center 460,"7256 West 84th Way#918, Arvada, CO, 80003",9937139868
b0864,Glendale Blood Center 461,"5065 North 54th Avenue#8, Glendale, AZ, 85301",9858761291
b0625,Arvada Blood Center 462,"8347 Ames Way, Arvada, CO, 80003",3690255111
b0109,Louisville Blood Center 463,"1259 Everett Avenue, Louisville, KY, 40204",5878428881
b0442,Glendale Blood Center 464,"6717 North 59th Avenue, Glendale, AZ, 85301",3405063907
b0917,Washington Blood Center 465,"357 Chaplin Street Southeast, Washington, DC, 20019",3672760121
b0763,Prospect Blood Center 466,"7810 Spring Farm Pointe Place, Prospect, KY, 40059",5830862322
b0904,Glendale Blood Center 467,"7192 West Topeka Drive, Glendale, AZ, 85308",6520811969
b0995,Windham Blood Center 468,"200 Edson Road, Windham, VT, 05359",8606606143
b0603,Savannah Blood Center 469,"5108 Franklin Street, Savannah, GA, 31405",1665858744
b0998,Manchester Blood Center 470,"34 Holyoke Road, Manchester, CT, 06040",4244119876
b0095,Revere Blood Center 471,"500 Revere Beach Boulevard#109, Revere, MA, 02151",2783086690
b0098,Montgomery Blood Center 472,"2269 Eastern Boulevard, Montgomery, AL, 36117",7008042688
b0349,Fayetteville Blood Center 473,"1100 West Bowen BoulevardF, Fayetteville, AR, 72703",3570464320
b0008,Glendale Blood Center 474,"7404 West Crest Lane, Glendale, AZ, 85310",2632422213
b0748,Panama City Blood Center 475,"4125 Cobia Street, Panama City, FL, 32408",7651119591
b0382,Savannah Blood Center 476,"1425 Claremont Circle, Savannah, GA, 31415",8403531898
b0026,Vallejo Blood Center 477,"637 Britannia Drive, Vallejo, CA, 94591",7118421135
b0742,Berkeley Blood Center 478,"1937 Carleton StreetM, Berkeley, CA, 94704",9157230533
b0682,Anchorage Blood Center 479,"5116 Emmanuel Avenue, Anchorage, AK, 99508",1545182176
b0488,Savannah Blood Center 480,"6206 Waters Avenue#110, Savannah, GA, 31406",2780159312
b0849,Washington Blood Center 481,"2327 Pomeroy Road Southeast, Washington, DC, 20020",6312307783
b0835,Baltimore Blood Center 482,"5224 Wasena Avenue, Baltimore, MD, 21225",4761424729
b0657,Brooklyn Park Blood Center 483,"5900 Upland Road, Brooklyn Park, MD, 21225",7810602135
b0898,Arvada Blood Center 484,"11985 West 56th Drive, Arvada, CO, 80002",5303124709
b0212,Fayetteville Blood Center 485,"683 North Wilson Avenue, Fayetteville, AR, 72701",4628001095
b0378,Manchester Blood Center 486,"26 Seaman Circle, Manchester, CT, 06040",8290882685
b0617,San Leandro Blood Center 487,"158 Euclid Avenue, San Leandro, CA, 94577",7194325828
b0468,Colchester Blood Center 488,"112 Shannon Road, Colchester, VT, 05446",2450127314
b0590,Del City Blood Center 489,"2417 Becker Place, Del City, OK, 73115",4280653830
b0548,Newark Blood Center 490,"36360 Beech Place, Newark, CA, 94560",9740446277
b0279,Colchester Blood Center 491,"29 East Avenue, Colchester, VT, 05446",7261856254
b0825,Framingham Blood Center 492,"189 Danforth Street, Framingham, MA, 01701",4330518388
b0482,Washington Blood Center 493,"58 Rice Street Southwest, Washington, DC, 20032",6098789330
b0044,Arvada Blood Center 494,"6029 Wright Street, Arvada, CO, 80004",8271305756
b0675,Montgomery Blood Center 495,"5331 Rexford Court, Montgomery, AL, 36116",2774345833
b0461,Nashville Blood Center 496,"1123 Glenwood Avenue, Nashville, TN, 37204",8040833430
b0484,Montgomery Blood Center 497,"2306 Edinburgh Drive, Montgomery, AL, 36116",5233284437
b0581,Washington Blood Center 498,"1711 8th Street Northwest, Washington, DC, 20001",4912812439
b0360,Nashville Blood Center 499,"404 Summit Oaks Drive, Nashville, TN, 37221",5440579978
b0561,Anchorage Blood Center 500,"3404 Lakeside Drive, Anchorage, AK, 99515",2860278111
b0559,Fayetteville Blood Center 501,"3231 North Kings Cross, Fayetteville, AR, 72703",4613477363
b0366,Soda Springs Blood Center 502,"51035 Conifer Drive, Soda Springs, CA, 95728",8184125708
b0473,Glendale Blood Center 503,"6225 West Citrus Way, Glendale, AZ, 85301",2560654122
b0638,Hayward Blood Center 504,"25538 Calaroga Avenue, Hayward, CA, 94545",2806854698
b0846,Fayetteville Blood Center 505,"1643 North Jordan Lane, Fayetteville, AR, 72703",9438483287
b0943,Tampa Blood Center 506,"6435 West Hillsborough Avenue#Lot 11, Tampa, FL, 33634",4996789023
b0568,Dummerston Blood Center 507,"3 Emery Hill Drive, Dummerston, VT, 05301",2694451698
b0384,Arvada Blood Center 508,"5821 Taft Street, Arvada, CO, 80004",5082665188
b0812,Arvada Blood Center 509,"6473 Zephyr Street, Arvada, CO, 80004",1740837431
b0800,Glendale Blood Center 510,"11843 North 60th Avenue, Glendale, AZ, 85304",8604310987
b0100,Fremont Blood Center 511,"3365 Wyndham Drive, Fremont, CA, 94536",2284345964
b0782,Edmond Blood Center 512,"2700 Verona Way, Edmond, OK, 73034",4993049488
b0983,Manchester Blood Center 513,"697 Parker Street, Manchester, CT, 06042",9115473625
b0574,Castro Valley Blood Center 514,"5725 Medallion Court, Castro Valley, CA, 94552",4198418484
b0509,San Leandro Blood Center 515,"1349 Burkhart Avenue, San Leandro, CA, 94579",1805503509
b0980,Montgomery Blood Center 516,"707 Pinkston Street, Montgomery, AL, 36109",2815689165
b0697,Montgomery Blood Center 517,"2195 Cantelou Road, Montgomery, AL, 36108",3047727215
b0014,Millersville Blood Center 518,"1930 Churchview Court, Millersville, MD, 21108",1212077015
b0252,Montgomery Blood Center 519,"1914 Stratford Downs Drive, Montgomery, AL, 36117",8041041087
b0544,Panama City Blood Center 520,"5603 Dune Creek Trail, Panama City, FL, 32404",6094764820
b0368,Nashville Blood Center 521,"3808 Richland Avenue, Nashville, TN, 37205",5802771302
b0518,Shelburne Blood Center 522,"135 Pond Road, Shelburne, VT, 05482",2413382806
b0894,Fayetteville Blood Center 523,"1666 South Summer Rose Avenue, Fayetteville, AR, 72701",7090043545
b0887,Montgomery Blood Center 524,"7010 Fulton Court, Montgomery, AL, 36117",7310113455
b0658,Webster Blood Center 525,"194 North Main Street#1F, Webster, MA, 01570",3957222115
b0088,San Leandro Blood Center 526,"1383 Purdue Street, San Leandro, CA, 94579",6271030623
b0000,Washington Blood Center 527,"1426 C Street Southeast, Washington, DC, 20003",7084533177
b0286,Manchester Blood Center 528,"247 Summit Street, Manchester, CT, 06042",9020814901
b0167,Montgomery Blood Center 529,"3436 Lexington Road, Montgomery, AL, 36111",3073376767
b0558,Anchorage Blood Center 530,"2140 East 56th Avenue#APT 11, Anchorage, AK, 99507",9227521190
b0732,Anchorage Blood Center 531,"400 D Street#STE 1B, Anchorage, AK, 99501",7820419066
b0324,Oklahoma City Blood Center 532,"4408 Northwest 55th Street, Oklahoma City, OK, 73112",3794751599
b0306,Washington Blood Center 533,"4511 43rd Place Northwest, Washington, DC, 20016",6084649330
b0204,Castro Valley Blood Center 534,"20375 Wisteria Street, Castro Valley, CA, 94546",7053143715
b0370,Annapolis Blood Center 535,"919 Windsor Avenue, Annapolis, MD, 21403",9062468343
b0760,Linda Blood Center 536,"6057 Griffith Avenue, Linda, CA, 95901",8984552889
b0961,Randolph Blood Center 537,"8 Village Circle, Randolph, VT, 05060",9981503687
b0238,Panama City Blood Center 538,"2560 Michigan Court, Panama City, FL, 32405",3587359668
b0343,Panama City Blood Center 539,"4712 Cherokee Heights Road, Panama City, FL, 32404",6528481981
b0321,Castro Valley Blood Center 540,"25793 Durrwood Court, Castro Valley, CA, 94552",1596079818
b0327,Annapolis Blood Center 541,"240 Chatham Lane, Annapolis, MD, 21403",5480148183
b0727,Livermore Blood Center 542,"266 South J Street, Livermore, CA, 94550",6285143253
b0723,Glendale Blood Center 543,"6407 West Monte Cristo Avenue, Glendale, AZ, 85306",1506581634
b0202,Panama City Beach Blood Center 544,"1505 Sweet Bay Trail, Panama City Beach, FL, 32413",3884582973
b0735,Louisville Blood Center 545,"7911 Deronia Avenue, Louisville, KY, 40222",2993663188
b0524,Moore Blood Center 546,"625 West Main Street, Moore, OK, 73160",9426232385
b0301,Mansfield Blood Center 547,"10 Erick Road#47, Mansfield, MA, 02048",2796171441
b0875,Berkeley Blood Center 548,"1481 Stannage AvenueR, Berkeley, CA, 94702",1275768186
b0292,Louisville Blood Center 549,"2402 Eastbridge Court, Louisville, KY, 40223",3114888452
b0264,Union City Blood Center 550,"32532 Jean Drive, Union City, CA, 94587",1035879995
b0040,Tewksbury Blood Center 551,"57 Birdie Lane, Tewksbury, MA, 01876",8697016405
b0633,Savannah Blood Center 552,"4 Marsh Haven Lane, Savannah, GA, 31411",2024876561
b0854,Hanover Blood Center 553,"33 Chesapeake Mobile Court, Hanover, MD, 21076",3676857130
b0404,Port Charlotte Blood Center 554,"20270 Andover Avenue, Port Charlotte, FL, 33954",1713855549
b0357,Washington Blood Center 555,"1816 U Place Southeast, Washington, DC, 20020",6382284062
b0866,Edmond Blood Center 556,"230 East 8th Street, Edmond, OK, 73034",7161650167
b0552,Fayetteville Blood Center 557,"1233 Paradise Lane, Fayetteville, AR, 72701",8568165115
b0626,Louisville Blood Center 558,"3825 West Muhammad Ali Boulevard, Louisville, KY, 40212",8067575557
b0073,Fayetteville Blood Center 559,"2201 Marks Mill Lane, Fayetteville, AR, 72703",4180473639
b0593,Palm Bay Blood Center 560,"817 Nevada Drive Northeast, Palm Bay, FL, 32907",6414519598
b0157,Panama City Blood Center 561,"2538 East 40th Plaza, Panama City, FL, 32405",2637713600
b0852,Anchorage Blood Center 562,"1334 East 14th Avenue#APT 000004, Anchorage, AK, 99501",3692458902
b0342,Panama City Beach Blood Center 563,"218 Oleander Drive, Panama City Beach, FL, 32413",8601266813
b0050,Fayetteville Blood Center 564,"3770 North Front Street, Fayetteville, AR, 72703",5185412293
b0634,Pasadena Blood Center 565,"202 Winston Road, Pasadena, MD, 21122",5343066060
b0970,Manchester Blood Center 566,"52 Linnmore Drive, Manchester, CT, 06040",9728656130
b0145,Needham Blood Center 567,"20 Garfield Street, Needham, MA, 02492",5898701434
b0950,Louisville Blood Center 568,"3813 Vanguard Drive, Louisville, KY, 40229",1972402522
b0063,Panama City Blood Center 569,"7506 Harvey Street, Panama City, FL, 32404",7305581720
b0269,Nashville Blood Center 570,"361 Parmley Lane, Nashville, TN, 37207",3296429434
b0186,Oklahoma City Blood Center 571,"1515 Northwest 19th Street, Oklahoma City, OK, 73106",3624612019
b0886,Manchester Blood Center 572,"697 Parker Street, Manchester, CT, 06042",7421358958
b0328,Union City Blood Center 573,"31250 Courthouse Drive, Union City, CA, 94587",3802482997
b0151,Fayetteville Blood Center 574,"4250 North Valley Lake Drive#8, Fayetteville, AR, 72703",6427641398
b0704,Montgomery Blood Center 575,"8293 Grayson Grove, Montgomery, AL, 36117",1032751538
b0120,Del City Blood Center 576,"2417 Becker Place, Del City, OK, 73115",1537074635
b0611,Southport Blood Center 577,"9222 Sandra Grace Road, Southport, FL, 32409",9048218950
b0527,Arvada Blood Center 578,"6817 Brentwood Street, Arvada, CO, 80004",8308420003
b0319,Arvada Blood Center 579,"9472 Noble Way, Arvada, CO, 80007",8650734894
b0439,Oklahoma City Blood Center 580,"3420 Northwest 41st Street, Oklahoma City, OK, 73112",8154741836
b0545,Fremont Blood Center 581,"35805 Alcazar Court, Fremont, CA, 94536",4750047880
b0092,Fayetteville Blood Center 582,"4960 Maple Grove Drive, Fayetteville, AR, 72764",1386789093
b0915,Bolton Blood Center 583,"49 West Street, Bolton, VT, 05676",7044542794
b0749,Oklahoma City Blood Center 584,"1908 Peachtree Avenue, Oklahoma City, OK, 73121",6061602767
b0620,Anchorage Blood Center 585,"1427 H Street, Anchorage, AK, 99501",4715101827
b0479,Savannah Blood Center 586,"13213 Spanish Moss Road, Savannah, GA, 31419",2410168308
b0635,Glendale Blood Center 587,"20250 North 67th Avenue#2143, Glendale, AZ, 85308",1825414047
b0335,Glendale Blood Center 588,"6748 West San Juan Avenue, Glendale, AZ, 85303",4630368347
b0139,Manchester Blood Center 589,"38 Devon Drive, Manchester, CT, 06040",5467856642
b0618,Louisville Blood Center 590,"3623 Chateau Lane, Louisville, KY, 40219",2236579725
b0021,Washington Blood Center 591,"1340 5th Street Northwest, Washington, DC, 20001",4732414367
b0844,Littleton Blood Center 592,"7374 West Walden Drive, Littleton, CO, 80128",4405361162
b0828,Moore Blood Center 593,"2325 Eastridge Circle, Moore, OK, 73160",1390751398
b0652,Washington Blood Center 594,"5458 30th Street Northwest, Washington, DC, 20015",4756831646
b0056,Glendale Blood Center 595,"23124 North 71st Drive, Glendale, AZ, 85310",5723522748
b0813,Gardner Blood Center 596,"34 Main Street#5H, Gardner, MA, 01440",4248639813
b0165,Norman Blood Center 597,"416 South University Boulevard, Norman, OK, 73069",7611361198
b0717,Fayetteville Blood Center 598,"218 Shipley Alley, Fayetteville, AR, 72701",2441827680
b0831,Sacramento Blood Center 599,"6244 Sun River Drive, Sacramento, CA, 95824",9323665818
b0234,Newton Blood Center 600,"65 Clark Street#2, Newton, MA, 02459",9863460648
b0150,Montgomery Blood Center 601,"2130 Winona Avenue, Montgomery, AL, 36107",3507320763
b0108,Louisville Blood Center 602,"5161 Jefferson Boulevard#202, Louisville, KY, 40219",8684424872
b0841,Woodbury Blood Center 603,"848 Vermont 14, Woodbury, VT, 05650",3470137348
b0805,Glendale Blood Center 604,"6729 North 54th Avenue, Glendale, AZ, 85301",8034256273
b0052,Washington Blood Center 605,"832 51st Street Northeast, Washington, DC, 20019",6832456181
b0522,Mountain View Blood Center 606,"1954 Wilson Court, Mountain View, CA, 94040",8714664053
b0423,Glendale Blood Center 607,"15010 North 59th Avenue#261, Glendale, AZ, 85306",9192741925
b0463,Chester Blood Center 608,"2909 Flamstead Road, Chester, VT, 05143",6397121826
b0104,Edmond Blood Center 609,"2700 Verona Way, Edmond, OK, 73034",1495678954
b0148,Lunenburg Blood Center 610,"35 Leominster Road#1, Lunenburg, MA, 01462",5737808759
b0333,Arvada Blood Center 611,"6516 Nile Circle, Arvada, CO, 80007",6465757155
b0435,Savannah Blood Center 612,"10612 Middleground Road#312, Savannah, GA, 31419",8765831846
b0567,Oklahoma City Blood Center 613,"2613 Southeast 50th Street, Oklahoma City, OK, 73129",8962651874
b0525,Montgomery Blood Center 614,"4010 Governors Drive, Montgomery, AL, 36111",3798180956
b0010,Newton Blood Center 615,"65 Clark Street#2, Newton, MA, 02459",5601465415
b0386,Fayetteville Blood Center 616,"2196 East Jonquil Road, Fayetteville, AR, 72703",7524788146
b0721,Montgomery Blood Center 617,"9200 Gainswood Circle, Montgomery, AL, 36117",6214855486
b0041,Arvada Blood Center 618,"8398 West 62nd Place, Arvada, CO, 80004",6030674423
b0465,Montgomery Blood Center 619,"313 Monroe Street, Montgomery, AL, 36104",2221407889
b0580,Redding Blood Center 620,"5938 Laguna Honda Street, Redding, CA, 96001",8413546813
b0677,Arvada Blood Center 621,"8001 West 71st Avenue#23B, Arvada, CO, 80004",3051139467
b0765,Nashville Blood Center 622,"4728 Rockland Trail, Nashville, TN, 37013",7332577723
b0820,Anchorage Blood Center 623,"24020 Reese Road, Anchorage, AK, 99567",3803323160
b0399,Lynn Haven Blood Center 624,"802 Virginia Avenue, Lynn Haven, FL, 32444",7363668391
b0338,Hayward Blood Center 625,"24147 Clinton Court, Hayward, CA, 94545",7402515341
b0794,Glendale Blood Center 626,"7030 West Krall Street, Glendale, AZ, 85303",6760267257
b0408,Arvada Blood Center 627,"8001 West 71st Avenue#23B, Arvada, CO, 80004",1058669059
b0541,Washington Blood Center 628,"215 9th Street Northeast, Washington, DC, 20002",1760116512
b0388,Washington Blood Center 629,"1608 Gales Street Northeast, Washington, DC, 20002",6285567667
b0959,Glendale Blood Center 630,"5803 West Gelding Drive, Glendale, AZ, 85306",1702532865
b0956,Worcester Blood Center 631,"35 Keach Avenue, Worcester, MA, 01607",3075788856
b0305,Louisville Blood Center 632,"11501 Maple Way, Louisville, KY, 40229",9643622173
b0489,Washington Blood Center 633,"1420 12th Street Northwest, Washington, DC, 20005",1042517911
b0166,Norman Blood Center 634,"508 Baker Street, Norman, OK, 73072",1164729543
b0512,Montgomery Blood Center 635,"3300 Crystal Road, Montgomery, AL, 36110",9178707811
b0034,Fayetteville Blood Center 636,"324 Martin Luther King Junior Boulevard, Fayetteville, AR, 72701",2938611883
b0984,Glendale Blood Center 637,"6717 North 59th Avenue, Glendale, AZ, 85301",4197766224
b0505,Crownsville Blood Center 638,"854 Cherry Trail, Crownsville, MD, 21032",7281879356
b0833,Lyndon Blood Center 639,"1726 Bridgeview Lane#5, Lyndon, KY, 40242",1571858125
b0471,Arvada Blood Center 640,"5420 Allison Street#202, Arvada, CO, 80002",7223322091
b0391,Readsboro Blood Center 641,"2185 Howe Pond Road, Readsboro, VT, 05350",1196143200
b0529,Beverly Blood Center 642,"22 Charnock Street#2, Beverly, MA, 01915",2298285825
b0604,Savannah Blood Center 643,"10996 Largo Drive, Savannah, GA, 31419",8154032078
b0991,Panama City Blood Center 644,"4604 West 19th Court, Panama City, FL, 32405",5937548640
b0994,Louisville Blood Center 645,"3030 Breckenridge Lane#314, Louisville, KY, 40220",9063582027
b0422,Arvada Blood Center 646,"6418 Iris Way, Arvada, CO, 80004",5977050865
b0354,Panama City Blood Center 647,"5444 Nicole Boulevard, Panama City, FL, 32404",1782808526
b0474,Montgomery Blood Center 648,"2441 Chase Park Drive, Montgomery, AL, 36110",8244602688
b0216,Fruita Blood Center 649,"242 North Ash Street, Fruita, CO, 81521",3033444799
b0867,Pasadena Blood Center 650,"8597 Bay Road, Pasadena, MD, 21122",4470538743
b0283,Louisville Blood Center 651,"6500 Park Club Circle, Louisville, KY, 40229",8392415586
b0270,Warren Blood Center 652,"46 Sugarloaf Hill Road, Warren, VT, 05674",2794787391
b0510,Anchorage Blood Center 653,"6851 Howard Avenue, Anchorage, AK, 99504",4124122790
b0491,Nashville Blood Center 654,"819 Beazer Lane, Nashville, TN, 37013",6018063104
b0250,Fayetteville Blood Center 655,"218 Shipley Alley, Fayetteville, AR, 72701",6658285158
b0421,Glendale Blood Center 656,"6060 West Royal Palm Road#226, Glendale, AZ, 85302",8995620277
b0903,Montgomery Blood Center 657,"1751 Shoreham Drive, Montgomery, AL, 36106",1877658713
b0623,Union City Blood Center 658,"5732 Jean Drive, Union City, CA, 94587",5281430522
b0191,Arvada Blood Center 659,"14358 West 88th PlaceC, Arvada, CO, 80005",4414526037
b0740,Nashville Blood Center 660,"314 South 17th Street, Nashville, TN, 37206",2291188089
b0645,Hanover Blood Center 661,"33 Chesapeake Mobile Court, Hanover, MD, 21076",3375510354
b0429,Manchester Blood Center 662,"25 Cliffside DriveD, Manchester, CT, 06042",2936672600
b0255,Glendale Blood Center 663,"4602 West Luke Avenue, Glendale, AZ, 85301",9163350952
b0403,Oklahoma City Blood Center 664,"516 Southwest 60th Terrace, Oklahoma City, OK, 73139",4172731380
b0081,Savannah Blood Center 665,"740 East 34th Street, Savannah, GA, 31401",9857312657
b0122,San Luis Obispo Blood Center 666,"101 Mustang Drive, San Luis Obispo, CA, 93405",3553508491
b0651,Montgomery Blood Center 667,"1320 Dunbarton Road, Montgomery, AL, 36117",1541415719
b0364,Nashville Blood Center 668,"2220 Kirk Avenue, Nashville, TN, 37218",5215630755
b0758,Glendale Blood Center 669,"4525 West Frier Drive, Glendale, AZ, 85301",5753819603
b0563,Glendale Blood Center 670,"6228 West Larkspur Drive, Glendale, AZ, 85304",1265582036
b0181,Louisville Blood Center 671,"501 Running Creek Place, Louisville, KY, 40243",8866224615
b0472,Manchester Blood Center 672,"115 Wells Street, Manchester, CT, 06040",2247389811
b0397,Manchester Blood Center 673,"44 Campfield Road, Manchester, CT, 06040",7924663748
b0389,Montgomery Blood Center 674,"3617 Oak Grove Circle, Montgomery, AL, 36116",6276026601
b0865,Fremont Blood Center 675,"35805 Alcazar Court, Fremont, CA, 94536",3222001948
b0381,South Hadley Blood Center 676,"77 Shadow Brook Estates, South Hadley, MA, 01075",2061624273
b0102,Panama City Blood Center 677,"414 Tanya Pass, Panama City, FL, 32404",9628573770
b0080,Roseville Blood Center 678,"1890 Orchard View Road, Roseville, CA, 95747",9605125319
b0663,Fayetteville Blood Center 679,"2001 Van Hoose Drive, Fayetteville, AR, 72701",8583143945
b0881,Anchorage Blood Center 680,"137 East 53rd Avenue, Anchorage, AK, 99518",4611435698
b0075,Braintree Blood Center 681,"66 Bradford Road, Braintree, MA, 02184",8224622409
b0653,Glendale Blood Center 682,"5803 West Gelding Drive, Glendale, AZ, 85306",5405620133
b0691,Louisville Blood Center 683,"222 Rockcrest Way, Louisville, KY, 40245",9771838132
b0267,El Cerrito Blood Center 684,"422 Richmond Street, El Cerrito, CA, 94530",6474383084
b0596,Savannah Blood Center 685,"12 Netherclift Way, Savannah, GA, 31411",2416673464
b0051,Panama City Blood Center 686,"4113 Holiday Drive, Panama City, FL, 32408",8144762792
b0788,Savannah Blood Center 687,"402 Tuten Avenue, Savannah, GA, 31415",5023605373
b0605,Edmond Blood Center 688,"2700 Verona Way, Edmond, OK, 73034",4850244436
b0993,Barre Blood Center 689,"2 Ellenwood Street, Barre, VT, 05641",3335209202
b0909,Mesa Blood Center 690,"1865 North Higley Road, Mesa, AZ, 85205",7978503163
b0164,Louisville Blood Center 691,"5300 Robinwood Road, Louisville, KY, 40218",9896415263
b0964,Mexico Beach Blood Center 692,"106 Parker Parkway, Mexico Beach, FL, 32456",7890663032
b0497,Annapolis Blood Center 693,"629 Cutter Court, Annapolis, MD, 21401",8694119502
b0424,Nashville Blood Center 694,"227 Danyacrest Drive, Nashville, TN, 37214",6035160273
b0600,Castro Valley Blood Center 695,"22709 Canyon Terrace Drive#2, Castro Valley, CA, 94552",6328451280
b0872,Louisville Blood Center 696,"2310 Donleigh Court, Louisville, KY, 40222",5594241118
b0419,Livermore Blood Center 697,"266 South J Street, Livermore, CA, 94550",8690526942
b0954,Salinas Blood Center 698,"22572 Toreador Drive, Salinas, CA, 93908",8503722133
b0706,Arvada Blood Center 699,"4924 West 65th Avenue, Arvada, CO, 80003",1221023666
b0899,Essex Blood Center 700,"43 Main Street, Essex, VT, 05452",5344042623
b0699,Fayetteville Blood Center 701,"3642 Chatsworth Road, Fayetteville, AR, 72703",6373349180
b0874,Panama City Blood Center 702,"6436 Stoney Point Road, Panama City, FL, 32404",8906514026
b0039,Nashville Blood Center 703,"2411 Alteras Drive, Nashville, TN, 37211",1437503932
b0966,Louisville Blood Center 704,"10110 Landwood Drive, Louisville, KY, 40291",8883314866
b0905,Laurel Blood Center 705,"8142 Mallard Shore Drive, Laurel, MD, 20724",6857786692
b0513,Berkeley Blood Center 706,"1761 Thousand Oaks BoulevardM, Berkeley, CA, 94707",6241372908
b0271,Savannah Blood Center 707,"10 Dalry Lane, Savannah, GA, 31419",9685779055
b0515,Arvada Blood Center 708,"4924 West 65th Avenue, Arvada, CO, 80003",6754409030
b0928,Edmond Blood Center 709,"1901 North Midwest Boulevard, Edmond, OK, 73034",7478682075
b0941,Montgomery Blood Center 710,"2306 Edinburgh Drive, Montgomery, AL, 36116",3467553187
b0937,Panama City Blood Center 711,"2809 Briarcliff Road, Panama City, FL, 32405",8702036953
b0504,Middlebury Blood Center 712,"161 Creek Road, Middlebury, VT, 05753",9067684464
b0868,Woodford Blood Center 713,"210 Depot Street, Woodford, VT, 05201",4761249121
b0309,Anchorage Blood Center 714,"1427 H Street, Anchorage, AK, 99501",1638049067
b0091,Pasadena Blood Center 715,"1990 Poplar Ridge Road, Pasadena, MD, 21122",7464453561
b0932,Moore Blood Center 716,"1401 Saint George Avenue, Moore, OK, 73160",5600366460
b0276,Laurel Blood Center 717,"3324 Valley Lee South, Laurel, MD, 20724",5408257912
b0642,Windham Blood Center 718,"200 Edson Road, Windham, VT, 05359",3083857805
b0784,Del City Blood Center 719,"212 Burk Way, Del City, OK, 73115",4127342268
b0889,Washington Blood Center 720,"5575 South Dakota Avenue Northeast, Washington, DC, 20011",1372865083
b0323,Savannah Blood Center 721,"2206 Skidaway Road, Savannah, GA, 31404",8746809738
b0674,Fremont Blood Center 722,"4444 Hansen Avenue#APT 224, Fremont, CA, 94536",2034081047
b0090,Baltimore Blood Center 723,"5306 Ritchie Highway, Baltimore, MD, 21225",5208804278
b0519,Newark Blood Center 724,"37600 Sycamore Street, Newark, CA, 94560",9645534772
b0845,Glendale Blood Center 725,"6231 North 59th Avenue#35, Glendale, AZ, 85301",4486171859
b0458,Annapolis Blood Center 726,"2162 Mulberry Hill Road, Annapolis, MD, 21409",9555224587
b0848,Anchorage Blood Center 727,"10980 Splendor Loop, Anchorage, AK, 99577",6358111922
b0454,Manchester Blood Center 728,"53 Philip Road, Manchester, CT, 06040",7346353633
b0982,Medway Blood Center 729,"14 School Street, Medway, MA, 02053",4186501536
b0926,Louisville Blood Center 730,"3408 Bellisima Place#204, Louisville, KY, 40245",4354285203
b0492,Arvada Blood Center 731,"6754 Field Street, Arvada, CO, 80004",4968535786
b0355,Nashville Blood Center 732,"549 Elysian Fields Road, Nashville, TN, 37211",8996800495
b0722,Nashville Blood Center 733,"718 Dutchmans Court, Nashville, TN, 37076",4918660179
b0797,Anchorage Blood Center 734,"3101 Penland Parkway#STE H6, Anchorage, AK, 99508",5450321950
b0948,Annapolis Blood Center 735,"814 Coachway, Annapolis, MD, 21401",8274209566
b0999,Louisville Blood Center 736,"14213 Doc Hawley Street, Louisville, KY, 40245",7691170063
b0475,Fayetteville Blood Center 737,"2787 West Blackstone Crossing, Fayetteville, AR, 72704",4854653163
b0004,Soldotna Blood Center 738,"264 Crest Drive, Soldotna, AK, 99669",1888587007
b0054,Plymouth Blood Center 739,"106 Camelot Drive, Plymouth, MA, 02360",6817626714
b0725,Glendale Blood Center 740,"5936 North 80th Drive, Glendale, AZ, 85303",1577200113
b0084,Pleasanton Blood Center 741,"3027 Badger Drive, Pleasanton, CA, 94566",5197502419
b0314,Louisville Blood Center 742,"14213 Doc Hawley Street, Louisville, KY, 40245",6064179257
b0236,Louisville Blood Center 743,"2313 South 4th Street, Louisville, KY, 40208",3752829345
b0493,Montgomery Blood Center 744,"3437 Sommerville Drive, Montgomery, AL, 36111",2628415950
b0900,Livermore Blood Center 745,"1226 Blossom Circle, Livermore, CA, 94550",6025031479
b0771,Mesa Blood Center 746,"9828 East Pueblo Avenue, Mesa, AZ, 85208",8011565173
b0743,Riva Blood Center 747,"2708 Riverview Drive, Riva, MD, 21140",6743059369
b0233,Nashville Blood Center 748,"5113 Village Trace, Nashville, TN, 37211",4280205882
b0457,Groton Blood Center 749,"1558 Goodfellow Road, Groton, VT, 05046",4077420946
b0142,Fayetteville Blood Center 750,"16572 East Wyman Road, Fayetteville, AR, 72701",2105712553
b0070,Nashville Blood Center 751,"5114 Greentree Drive, Nashville, TN, 37211",6136714796
b0542,Washington Blood Center 752,"905 C Street Northeast, Washington, DC, 20002",6760773108
b0287,Panama City Blood Center 753,"5444 Nicole Boulevard, Panama City, FL, 32404",5767231942
b0824,Saint Albans Town Blood Center 754,"226 Tranquility Lane, Saint Albans Town, VT, 05488",3918530400
b0779,Savannah Blood Center 755,"517 West 33rd Street, Savannah, GA, 31415",2963166758
b0576,North Reading Blood Center 756,"269 Park Street#1, North Reading, MA, 01864",4825287124
b0027,Woodford Blood Center 757,"8569 Vermont 9, Woodford, VT, 05201",1557419392
b0747,Fayetteville Blood Center 758,"4182 North Valley Lake Drive#4, Fayetteville, AR, 72703",8633118578
b0883,Panama City Blood Center 759,"2936 State Avenue, Panama City, FL, 32405",2146510571
b0125,Panama City Blood Center 760,"1302 Cherry Street, Panama City, FL, 32401",5156416102
b0738,Panama City Beach Blood Center 761,"420 Cove Villa Street, Panama City Beach, FL, 32407",7915302358
b0946,Montgomery Blood Center 762,"6233 South Hampton Drive, Montgomery, AL, 36116",2498221210
b0031,Montgomery Blood Center 763,"1622 Edgar D Nixon Avenue, Montgomery, AL, 36104",2358646896
b0268,Anchorage Blood Center 764,"600 West 19th AvenueAPT B, Anchorage, AK, 99503",8350122841
b0190,Louisville Blood Center 765,"70 Valley Road#2, Louisville, KY, 40204",6180521209
b0478,Union City Blood Center 766,"2902 Flint Street, Union City, CA, 94587",7630541158
b0147,Glendale Blood Center 767,"8216 West Citrus Way, Glendale, AZ, 85303",2171531255
b0690,Essex Blood Center 768,"18 Densmore Drive, Essex, VT, 05452",3698100156
b0918,Montgomery Blood Center 769,"3436 Lexington Road, Montgomery, AL, 36111",7470285356
b0990,Arvada Blood Center 770,"13531 West 72nd Drive, Arvada, CO, 80005",1941113895
b0861,Glendale Blood Center 771,"23124 North 71st Drive, Glendale, AZ, 85310",8473610464
b0395,Glendale Blood Center 772,"6286 West Louise Drive, Glendale, AZ, 85310",8013784688
b0601,Panama City Blood Center 773,"1405 Hickory Avenue, Panama City, FL, 32401",2411782688
b0769,Louisville Blood Center 774,"11102 Little Rock Court, Louisville, KY, 40241",4851180979
b0952,Mount Juliet Blood Center 775,"4927 Alvin Sperry Road, Mount Juliet, TN, 37122",5175333052
b0033,Panama City Blood Center 776,"121 Alpine Way, Panama City, FL, 32404",9195358604
b0902,Nashville Blood Center 777,"1217 Greenwood Court, Nashville, TN, 37206",6741787540
b0079,Waltham Blood Center 778,"2309 Stearns Hill Road, Waltham, MA, 02451",2291515720
b0467,Fayetteville Blood Center 779,"2522 South College Drive, Fayetteville, AR, 72701",5901275388
b0480,Laurel Blood Center 780,"3386 Sudlersville South, Laurel, MD, 20724",9638779856
b0801,Salisbury Blood Center 781,"153 Atlantic Avenue#6, Salisbury, MA, 01952",6245632879
b0053,Glendale Blood Center 782,"7400 West Arrowhead Clubhouse Drive#1043, Glendale, AZ, 85308",3144070993
b0289,Louisville Blood Center 783,"305 Becket Avenue, Louisville, KY, 40118",5422703793
b0809,Braintree Blood Center 784,"228 Common Street, Braintree, MA, 02184",2895016508
b0244,Arvada Blood Center 785,"8595 West 81st Drive, Arvada, CO, 80005",5277552494
b0105,Lowell Blood Center 786,"1623 Mines Road, Lowell, VT, 05847",4475164553
b0836,Glendale Blood Center 787,"10749 West Kaler Drive, Glendale, AZ, 85307",7867430601
b0696,Colchester Blood Center 788,"29 East Avenue, Colchester, VT, 05446",3806102699
b0356,Walden Blood Center 789,"480 Keene Road, Walden, VT, 05836",2708715028
b0757,Panama City Blood Center 790,"269 Hugh Thomas Drive, Panama City, FL, 32404",1683241112
b0870,Escondido Blood Center 791,"2335 Orchard View Lane, Escondido, CA, 92027",7976626888
b0336,Billerica Blood Center 792,"37 Parlmont Park, Billerica, MA, 01862",3906336990
b0679,Glendale Blood Center 793,"6606 North 52nd Drive, Glendale, AZ, 85301",2777142568
b0198,Savannah Blood Center 794,"4 Eastview Lane, Savannah, GA, 31410",4920163005
b0302,Louisville Blood Center 795,"9904 Daniel Drive, Louisville, KY, 40118",2952402963
b0340,Greeley Blood Center 796,"2456 22nd Avenue, Greeley, CO, 80631",8440801991
b0710,Greensboro Blood Center 797,"529 Barr Hill Road, Greensboro, VT, 05841",1057016984
b0901,Hyde Park Blood Center 798,"54 Pine Meadow Drive, Hyde Park, VT, 05655",3891121449
b0755,Glendale Blood Center 799,"6286 West Louise Drive, Glendale, AZ, 85310",9044636409
b0347,Manchester Blood Center 800,"327 Woodbridge Street, Manchester, CT, 06042",9903418380
b0430,Hayward Blood Center 801,"654 Laurette Place, Hayward, CA, 94544",1248660204
b0612,North Adams Blood Center 802,"84 Holbrook Street, North Adams, MA, 01247",8911826598
b0443,Anchorage Blood Center 803,"903 East 20th Avenue, Anchorage, AK, 99501",2027242810
b0466,Carlsbad Blood Center 804,"5805 Armada Drive, Carlsbad, CA, 92008",1855865551
b0795,Oklahoma City Blood Center 805,"8404 South Villa Avenue, Oklahoma City, OK, 73159",3394824255
b0573,Anchorage Blood Center 806,"1810 Orchard Place, Anchorage, AK, 99502",9047220549
b0733,Nashville Blood Center 807,"1400 Rosa L Parks Boulevard#305, Nashville, TN, 37208",3003147452
b0821,Arvada Blood Center 808,"9903 West 53rd Place, Arvada, CO, 80002",5273078609
b0197,Colchester Blood Center 809,"70 Orchard Shore Road, Colchester, VT, 05446",9968568901
b0546,West Windsor Blood Center 810,"87 Horseshoe Drive, West Windsor, VT, 05037",6317531000
b0141,Glen Burnie Blood Center 811,"7808 Baltimore Annapolis Boulevard, Glen Burnie, MD, 21060",8838071312
b0187,Montgomery Blood Center 812,"2150 Yarbrough Street, Montgomery, AL, 36110",5114555278
b0210,Nashville Blood Center 813,"921 Woodmont Boulevard, Nashville, TN, 37204",7400661460
b0517,Middleton Blood Center 814,"17 Gregory Street, Middleton, MA, 01949",6178307363
b0177,Port Wentworth Blood Center 815,"51 Bearing Circle, Port Wentworth, GA, 31407",7218077258
b0071,Colchester Blood Center 816,"112 Shannon Road, Colchester, VT, 05446",1825253354
b0487,Newfane Blood Center 817,"578 Vermont 30, Newfane, VT, 05345",5483809894
b0124,Panama City Blood Center 818,"804 East 7th Court, Panama City, FL, 32401",4240214593
b0199,Castro Valley Blood Center 819,"20097 Butterfield Drive, Castro Valley, CA, 94546",7731687850
b0218,Louisville Blood Center 820,"900 Dupont Road, Louisville, KY, 40207",8892804920
b0291,Oklahoma City Blood Center 821,"5112 Southwest 124th Place, Oklahoma City, OK, 73173",6232417346
b0842,Savannah Blood Center 822,"10 Dalry Lane, Savannah, GA, 31419",6485241461
b0832,Hayward Blood Center 823,"22825 Paseo Place, Hayward, CA, 94541",4995485589
b0878,Savannah Blood Center 824,"425 Buckhalter Road, Savannah, GA, 31405",6943550872
b0416,Dennis Blood Center 825,"119 Captain Chase Road, Dennis, MA, 02639",1436416388
b0803,Savannah Blood Center 826,"904 Walthour Road, Savannah, GA, 31410",3860619391
b0275,Lynn Haven Blood Center 827,"3718 Bay Tree Road, Lynn Haven, FL, 32444",4832028061
b0183,Easthampton Blood Center 828,"29 Church StreetD, Easthampton, MA, 01027",4777020710
b0477,Crofton Blood Center 829,"1428 Flatwood Court, Crofton, MD, 21114",5383112112
b0192,Arvada Blood Center 830,"8202 Dudley Way, Arvada, CO, 80005",1843128829
b0893,Panama City Blood Center 831,"1906 Palmetto Avenue, Panama City, FL, 32405",3917367005
b0337,Arvada Blood Center 832,"15771 West 64th Avenue, Arvada, CO, 80403",6032707341
b0916,Noble Blood Center 833,"4717 Forest Hills Drive, Noble, OK, 73068",3691358849
b0352,Washington Blood Center 834,"Career Avenue, Washington, DC, 20032",7374468416
b0863,Louisville Blood Center 835,"14206 James Rees Way, Louisville, KY, 40299",5150327544
b0393,Whitmore Blood Center 836,"30544 Whitmore Road, Whitmore, CA, 96096",7237714684
b0045,Watertown Blood Center 837,"605 Main Street, Watertown, MA, 02472",4775768874
b0350,Nashville Blood Center 838,"880 General George Patton Road, Nashville, TN, 37221",7922758914
b0613,Nashville Blood Center 839,"3819 Dartmouth Avenue, Nashville, TN, 37215",3643582190
b0715,Washington Blood Center 840,"7060 Eastern Avenue, Washington, DC, 20012",5903064297
b0129,Peoria Blood Center 841,"16020 North 69th Avenue, Peoria, AZ, 85382",9946624403
b0608,Fayetteville Blood Center 842,"3111 West Ika Lane, Fayetteville, AR, 72704",3598121377
b0560,Montgomery Blood Center 843,"100 Lake Forest Drive, Montgomery, AL, 36117",1902268676
b0114,Montgomery Blood Center 844,"105 Courtland Drive, Montgomery, AL, 36105",3077624986
b0176,Arvada Blood Center 845,"8347 Ames Way, Arvada, CO, 80003",3746080971
b0247,Savannah Blood Center 846,"205 West Montgomery Cross Road#1602, Savannah, GA, 31406",5034773460
b0840,Nashville Blood Center 847,"629 Debbie Drive, Nashville, TN, 37076",2862581258
b0539,Youngstown Blood Center 848,"7202 Jump Street, Youngstown, FL, 32466",6701064972
b0664,Arvada Blood Center 849,"16772 West 70th Avenue, Arvada, CO, 80007",6645720705
b0228,Crownsville Blood Center 850,"552 Maynadier Lane, Crownsville, MD, 21032",6275858438
b0110,Proctor Blood Center 851,"1 Pond View Road, Proctor, VT, 05765",7316225614
b0274,Southport Blood Center 852,"9222 Sandra Grace Road, Southport, FL, 32409",9552352792
b0011,Burke Blood Center 853,"5309 Darling Hill Road, Burke, VT, 05871",8540824889
b0919,Savannah Blood Center 854,"1809 U.S. 80, Savannah, GA, 31408",2493221853
b0673,Lithia Blood Center 855,"9331 Edison Road, Lithia, FL, 33547",7224815617
b0879,Deale Blood Center 856,"6000 Parker Drive, Deale, MD, 20751",4594383533
b0877,Nashville Blood Center 857,"549 Elysian Fields Road, Nashville, TN, 37211",8940852275
b0224,Washington Blood Center 858,"1729 Frankford Street Southeast, Washington, DC, 20020",3920681657
b0798,Savannah Blood Center 859,"425 Buckhalter Road, Savannah, GA, 31405",6071613177
b0501,Arvada Blood Center 860,"9903 West 53rd Place, Arvada, CO, 80002",9068770743
b0532,San Lorenzo Blood Center 861,"90 Via Verde, San Lorenzo, CA, 94580",3624160558
b0698,Montgomery Blood Center 862,"323 Randolph Street, Montgomery, AL, 36104",5912839665
b0226,Anchorage Blood Center 863,"3635 Bisquier Drive, Anchorage, AK, 99508",4042614991
b0470,Littleton Blood Center 864,"5516 West Indore Drive, Littleton, CO, 80128",2506074717
b0412,Nashville Blood Center 865,"261 East Old Hickory Boulevard, Nashville, TN, 37115",6897837326
b0814,Washington Blood Center 866,"1011 Irving Street Northeast, Washington, DC, 20017",3682662199
b0585,Fremont Blood Center 867,"1300 Lemos Lane, Fremont, CA, 94539",9945536639
b0958,Montgomery Blood Center 868,"533 Forest Ridge Court, Montgomery, AL, 36109",4900046230
b0817,Crownsville Blood Center 869,"814 Miner Road, Crownsville, MD, 21032",7314221816
b0936,Oklahoma City Blood Center 870,"1842 West Park Place, Oklahoma City, OK, 73106",9555174601
b0099,Arvada Blood Center 871,"9605 West 62nd Place, Arvada, CO, 80004",5163686991
b0609,Selma Blood Center 872,"2337 Nebraska Avenue, Selma, CA, 93662",8424571406
b0709,Glen Burnie Blood Center 873,"303 Addison Drive, Glen Burnie, MD, 21060",6652771822
b0318,Montgomery Blood Center 874,"5680 Eddins Road, Montgomery, AL, 36117",2548534501
b0418,Savannah Blood Center 875,"702 East 53rd Street, Savannah, GA, 31405",1573604321
b0684,Louisville Blood Center 876,"2021 West Burnett Avenue, Louisville, KY, 40210",5713314398
b0816,Panama City Beach Blood Center 877,"405 Savannah Park Way, Panama City Beach, FL, 32407",8848264490
b0942,Nashville Blood Center 878,"880 General George Patton Road, Nashville, TN, 37221",5596101055
b0049,Louisville Blood Center 879,"7607 Beulah Church Road, Louisville, KY, 40228",8475108090
b0005,Fayetteville Blood Center 880,"2355 Pearl Point#5?, Fayetteville, AR, 72701",6273380495
b0968,Glendale Blood Center 881,"5065 North 54th Avenue#8, Glendale, AZ, 85301",2281673439
b0632,Montgomery Blood Center 882,"4513 Beth Manor Drive, Montgomery, AL, 36109",1252416842
b0700,Arvada Blood Center 883,"10262 West 59th Avenue#1, Arvada, CO, 80004",7306186291
b0751,Manchester Blood Center 884,"219 Bidwell Street, Manchester, CT, 06040",7861413906
b0184,Manchester Blood Center 885,"2 Thompson Road, Manchester, CT, 06040",2775122153
b0153,Arvada Blood Center 886,"13852 West 66th Place, Arvada, CO, 80004",1556308595
b0410,Anchorage Blood Center 887,"117 East Cook Avenue, Anchorage, AK, 99501",4066336579
b0766,Del City Blood Center 888,"212 Burk Way, Del City, OK, 73115",3900119501
b0459,Panama City Blood Center 889,"1831 Frankford Avenue, Panama City, FL, 32405",4228316508
b0745,Glendale Blood Center 890,"6605 North 93RD Avenue#1016, Glendale, AZ, 85305",7405223068
b0298,Nashville Blood Center 891,"2008 Ashton Avenue, Nashville, TN, 37218",3066283150
b0589,Berkeley Blood Center 892,"1725 Oxford Street#R 108, Berkeley, CA, 94709",1602466021
b0346,Berkeley Blood Center 893,"3008 Russell Street#R 1, Berkeley, CA, 94705",7971275940
b0571,Oklahoma City Blood Center 894,"7609 Doris Place, Oklahoma City, OK, 73162",6242153140
b0146,Louisville Blood Center 895,"720 East Muhammad Ali Boulevard, Louisville, KY, 40202",5106858708
b0072,Oakland Blood Center 896,"1 Kelton Court#4H, Oakland, CA, 94611",8376225465
b0615,Montgomery Blood Center 897,"829 Dunbarton Road, Montgomery, AL, 36117",9276567794
b0402,Panama City Beach Blood Center 898,"565 North Lakeshore Drive, Panama City Beach, FL, 32413",7301342987
b0566,Savannah Blood Center 899,"614 East Duffy LaneA, Savannah, GA, 31401",2834612968
b0214,Washington Blood Center 900,"3179 18th Street Northwest, Washington, DC, 20010",5370426716
b0189,Washington Blood Center 901,"4430 Davenport Street Northwest, Washington, DC, 20016",2542827199
b0678,Odenton Blood Center 902,"1460 Berger Street, Odenton, MD, 21113",9833328190
b0262,Fayetteville Blood Center 903,"2130 Loren Circle, Fayetteville, AR, 72701",1213218232
b0746,Nashville Blood Center 904,"2611 Bluefield Avenue, Nashville, TN, 37214",3140749610
b0248,Quincy Blood Center 905,"435 Granite Street, Quincy, MA, 02169",8667243539
b0876,Quincy Blood Center 906,"276 Adams Street, Quincy, MA, 02169",5045015874
b0550,Pasadena Blood Center 907,"2405 230th Street, Pasadena, MD, 21122",2614820963
b0680,Savannah Blood Center 908,"27 Leary Drive, Savannah, GA, 31406",8258349661
b0774,Pasadena Blood Center 909,"7802 Titan Court, Pasadena, MD, 21122",1676182221
b0498,Oklahoma City Blood Center 910,"7308 Northwest 119th Street, Oklahoma City, OK, 73162",4643152803
b0873,Orange Blood Center 911,"2134 West Mills Drive, Orange, CA, 92868",2607435253
b0155,Arvada Blood Center 912,"7981 Robinson Way, Arvada, CO, 80004",2035758372
b0245,Pooler Blood Center 913,"171 Brickhill Circle, Pooler, GA, 31322",4261364623
b0119,Arvada Blood Center 914,"6817 Brentwood Street, Arvada, CO, 80004",3951613534
b0282,Washington Blood Center 915,"416 Ridge Street Northwest, Washington, DC, 20001",9606121570
b0851,Washington Blood Center 916,"661 West Corinth Road, Washington, VT, 05675",7080378730
b0602,Washington Blood Center 917,"22 Gallatin Street Northeast, Washington, DC, 20011",5568514277
b0654,Arvada Blood Center 918,"5821 Taft Street, Arvada, CO, 80004",2562311697
b0420,Oklahoma City Blood Center 919,"8401 Pinewood Drive, Oklahoma City, OK, 73135",7394745980
b0686,Anchorage Blood Center 920,"249 Yellow Leaf Circle, Anchorage, AK, 99504",1413475447
b0462,Manchester Blood Center 921,"40 Strawberry Lane, Manchester, CT, 06040",7386178698
b0436,Savannah Blood Center 922,"713 East 32nd Street, Savannah, GA, 31401",4965767834
b0116,Bethany Blood Center 923,"4503 North Council Road, Bethany, OK, 73008",8500314026
b0046,Oakland Blood Center 924,"1515 Excelsior Avenue, Oakland, CA, 94602",8831830582
b0128,Peabody Blood Center 925,"100 Birney Street#A6, Peabody, MA, 01960",4530327023
b0256,Arvada Blood Center 926,"5606 Olde Wadsworth Boulevard#20, Arvada, CO, 80002",2881520450
b0444,San Lorenzo Blood Center 927,"90 Via Verde, San Lorenzo, CA, 94580",4694270067
b0862,Montgomery Blood Center 928,"5701 East Shirley Lane, Montgomery, AL, 36117",6317619401
b0064,Nashville Blood Center 929,"913 Fallview Trail, Nashville, TN, 37211",9504065398
b0955,Fall River Blood Center 930,"225 Almond Street#3E, Fall River, MA, 02721",1320724313
b0692,Fayetteville Blood Center 931,"17 West 26th Circle, Fayetteville, AR, 72701",3790270919
b0537,Louisville Blood Center 932,"10222 Pine Glen Circle, Louisville, KY, 40291",9866005070
b0207,The Village Blood Center 933,"2455 Manchester Drive, The Village, OK, 73120",6714888977
b0006,Midwest City Blood Center 934,"600 Crosby Boulevard, Midwest City, OK, 73110",4694823096
b0667,Selma Blood Center 935,"2409 Park Street, Selma, CA, 93662",8440832177
b0754,Baldwin Park Blood Center 936,"4438 Maine Avenue, Baldwin Park, CA, 91706",8702415816
b0516,Arvada Blood Center 937,"8556 Nelson Court, Arvada, CO, 80005",1632347100
b0911,Arvada Blood Center 938,"5688 Johnson Court, Arvada, CO, 80002",2775623495
b0827,Washington Blood Center 939,"2262 Hall Place Northwest, Washington, DC, 20007",4326522040
b0024,Montgomery Blood Center 940,"5470 Atlanta Highway, Montgomery, AL, 36109",8943821889
b0734,Manchester Blood Center 941,"115 Maple Street, Manchester, CT, 06040",9297484450
b0185,Manchester Blood Center 942,"81 Lyness Street, Manchester, CT, 06040",1645885815
b0776,Glendale Blood Center 943,"6740 West Montebello Avenue#3B, Glendale, AZ, 85303",7800515317
b0996,Anchorage Blood Center 944,"11401 Totem Road, Anchorage, AK, 99516",3147462048
b0230,Nashville Blood Center 945,"416 McIver Street, Nashville, TN, 37211",1590027855
b0764,Savannah Blood Center 946,"17 Marina Drive, Savannah, GA, 31411",7086105426
b0884,Savannah Blood Center 947,"1939 Greenwood Street, Savannah, GA, 31404",2446325413
b0076,Fayetteville Blood Center 948,"239 Eastern Avenue, Fayetteville, AR, 72701",2202587639
b0149,Nashville Blood Center 949,"2505 Shadow Lane, Nashville, TN, 37216",3155204589
b0643,Burlington Blood Center 950,"115 Home Avenue, Burlington, VT, 05401",1077423603
b0069,Nashville Blood Center 951,"253 Colt Drive, Nashville, TN, 37221",4605507344
b0683,Fayetteville Blood Center 952,"505 North Washington Avenue, Fayetteville, AR, 72701",9830510950
b0689,Arvada Blood Center 953,"11225 West 79th Drive, Arvada, CO, 80005",2038458336
b0830,Glen Burnie Blood Center 954,"706 Seagrove Road, Glen Burnie, MD, 21060",4666871098
b0361,Panama City Blood Center 955,"4039 Pipeline Road, Panama City, FL, 32404",1064278900
b0326,Port Charlotte Blood Center 956,"23128 Donalda Avenue, Port Charlotte, FL, 33954",3370209787
b0759,Boxford Blood Center 957,"11 Meeting Place Circle, Boxford, MA, 01921",7680651104
b0969,Worcester Blood Center 958,"20 Hacker Street#3, Worcester, MA, 01603",5422715441
b0631,Davidsonville Blood Center 959,"707 Harrisburg Drive, Davidsonville, MD, 21035",8712247423
b0414,Washington Blood Center 960,"1559 Alabama Avenue Southeast, Washington, DC, 20032",3717272262
b0300,Washington Blood Center 961,"1318 35th Street Northwest, Washington, DC, 20007",8893132572
b0195,Glen Burnie Blood Center 962,"308 Woodleaf Court, Glen Burnie, MD, 21061",7511183878
b0750,Savannah Blood Center 963,"36 Saint Ives Drive, Savannah, GA, 31419",7485655252
b0925,Union City Blood Center 964,"33300 Mission Boulevard#APT 174, Union City, CA, 94587",4367580276
b0791,Edgewater Blood Center 965,"2147 Millhaven Drive, Edgewater, MD, 21037",4884644187
b0201,Fruita Blood Center 966,"242 North Ash Street, Fruita, CO, 81521",6098585909
b0225,Montgomery Blood Center 967,"8700 Seaton Boulevard, Montgomery, AL, 36116",1513041369
b0441,Fayetteville Blood Center 968,"4182 North Valley Lake Drive#4, Fayetteville, AR, 72703",4570751147
b0200,Severna Park Blood Center 969,"517 Retford Drive, Severna Park, MD, 21146",1208723707
b0085,Washington Blood Center 970,"2803 6th Street Northeast, Washington, DC, 20017",6438468509
b0203,Manchester Blood Center 971,"118 Pearl Street, Manchester, CT, 06040",1970521276
b0425,Litchfield Park Blood Center 972,"12460 West Solano Drive, Litchfield Park, AZ, 85340",6548871829
b0235,Glendale Blood Center 973,"6216 West Bloomfield Road, Glendale, AZ, 85304",2012558165
b0530,Arvada Blood Center 974,"17020 West 64th Drive, Arvada, CO, 80007",8118605199
b0853,Manchester Blood Center 975,"179 Blue Ridge Drive, Manchester, CT, 06040",3904340274
b0206,Barre Blood Center 976,"2 Ellenwood Street, Barre, VT, 05641",5941633172
b0485,Washington Blood Center 977,"8157 East Beach Drive Northwest, Washington, DC, 20012",2001381232
b0118,Anchorage Blood Center 978,"16244 Seville Park Circle, Anchorage, AK, 99516",4037150859
b0334,Edgewater Blood Center 979,"2147 Millhaven Drive, Edgewater, MD, 21037",1085731964
b0178,Norman Blood Center 980,"634 Chautauqua Avenue, Norman, OK, 73069",8594384806
b0829,Hayward Blood Center 981,"1528 Stafford Avenue, Hayward, CA, 94541",1046832725
b0152,Glendale Blood Center 982,"6514 West Golden Lane, Glendale, AZ, 85302",4161554119
b0304,Nashville Blood Center 983,"3528 Seasons Drive, Nashville, TN, 37013",7466505785
b0859,Fayetteville Blood Center 984,"7034 West John Garrison Road, Fayetteville, AR, 72704",8810737144
b0376,Manchester Blood Center 985,"4 Orchard Street, Manchester, CT, 06040",4083405512
b0726,Washington Blood Center 986,"235 17th Street Southeast, Washington, DC, 20003",3405856788
b0933,Youngstown Blood Center 987,"9827 Davenport Avenue, Youngstown, FL, 32466",9827001203
b0834,Lowell Blood Center 988,"584 Westford Street#2, Lowell, MA, 01851",7123078365
b0622,Savannah Blood Center 989,"1938 Arcadian Street, Savannah, GA, 31405",9608578100
b0565,Manchester Blood Center 990,"739 Center Street, Manchester, CT, 06040",1131303016
b0055,Oklahoma City Blood Center 991,"6604 Northwest 130th Street, Oklahoma City, OK, 73142",9554165571
b0123,Oklahoma City Blood Center 992,"8401 Pinewood Drive, Oklahoma City, OK, 73135",5588734060
b0935,Panama City Beach Blood Center 993,"9321 Amy Lane, Panama City Beach, FL, 32407",5015168839
b0659,Arvada Blood Center 994,"6687 Xenon Drive, Arvada, CO, 80004",8544181886
b0016,Escondido Blood Center 995,"2335 Orchard View Lane, Escondido, CA, 92027",6076868936
b0702,Woodland Blood Center 996,"18687 County Road 97, Woodland, CA, 95695",3680471054
b0931,Panama City Blood Center 997,"269 Hugh Thomas Drive, Panama City, FL, 32404",4537152678
b0837,Glendale Blood Center 998,"5803 West Gelding Drive, Glendale, AZ, 85306",9326833260
b0858,Louisville Blood Center 999,"9403 Fairground Road, Louisville, KY, 40291",4817776368
